entry_id,engineer,client,project,work_date,hours
TE-100001,Engineer 01,Customer 005,C005-P1,2025-01-08,3.0
TE-100002,Engineer 01,Customer 011,C011-P1,2025-12-03,0.5
TE-100003,Engineer 01,Customer 023,C023-P2,2025-03-26,4.0
TE-100004,Engineer 01,Customer 013,C013-P1,2025-07-03,0.5
TE-100005,Engineer 01,Customer 018,C018-P2,2025-01-18,3.0
TE-100006,Engineer 01,Customer 011,C011-P1,2025-11-14,3.0
TE-100007,Engineer 01,Customer 005,C005-P1,2025-04-09,1.0
TE-100008,Engineer 01,Customer 011,C011-P2,2025-08-15,1.5
TE-100009,Engineer 01,Customer 013,C013-P2,2025-12-15,4.0
TE-100010,Engineer 01,Customer 018,C018-P1,2025-05-15,0.5
TE-100011,Engineer 01,Customer 013,C013-P1,2025-06-27,1.5
TE-100012,Engineer 01,Customer 018,C018-P1,2025-01-18,4.0
TE-100013,Engineer 01,Customer 005,C005-P1,2025-05-31,6.0
TE-100014,Engineer 01,Customer 011,C011-P1,2025-04-01,4.0
TE-100015,Engineer 01,Customer 005,C005-P1,2025-07-04,0.5
TE-100016,Engineer 01,Customer 018,C018-P2,2025-11-09,2.0
TE-100017,Engineer 01,Customer 011,C011-P1,2025-03-28,1.0
TE-100018,Engineer 01,Customer 005,C005-P1,2025-02-14,6.0
TE-100019,Engineer 01,Customer 013,C013-P1,2025-04-18,1.0
TE-100020,Engineer 01,Customer 018,C018-P1,2025-07-09,1.0
TE-100021,Engineer 01,Customer 011,C011-P1,2025-10-06,2.0
TE-100022,Engineer 01,Customer 005,C005-P1,2025-05-29,6.0
TE-100023,Engineer 01,Customer 018,C018-P2,2025-07-26,2.0
TE-100024,Engineer 01,Customer 013,C013-P2,2025-03-14,3.0
TE-100025,Engineer 01,Customer 011,C011-P2,2025-05-23,4.0
TE-100026,Engineer 01,Customer 020,C020-P2,2025-09-11,1.5
TE-100027,Engineer 01,Customer 011,C011-P1,2025-04-18,1.5
TE-100028,Engineer 01,Customer 011,C011-P2,2025-04-10,4.0
TE-100029,Engineer 01,Customer 005,C005-P1,2025-05-18,1.5
TE-100030,Engineer 01,Customer 013,C013-P1,2025-11-27,2.0
TE-100031,Engineer 01,Customer 005,C005-P1,2025-08-26,3.0
TE-100032,Engineer 01,Customer 018,C018-P2,2025-05-05,2.0
TE-100033,Engineer 01,Customer 011,C011-P1,2025-11-20,1.5
TE-100034,Engineer 01,Customer 005,C005-P1,2025-04-12,2.0
TE-100035,Engineer 01,Customer 005,C005-P1,2025-02-21,1.5
TE-100036,Engineer 01,Customer 005,C005-P1,2025-09-07,3.0
TE-100037,Engineer 01,Customer 011,C011-P2,2025-10-19,6.0
TE-100038,Engineer 01,Customer 013,C013-P1,2025-04-04,1.0
TE-100039,Engineer 01,Customer 005,C005-P1,2025-09-28,0.5
TE-100040,Engineer 01,Customer 018,C018-P1,2025-03-17,4.0
TE-100041,Engineer 01,Customer 011,C011-P1,2025-04-09,2.0
TE-100042,Engineer 01,Customer 011,C011-P2,2025-05-11,1.0
TE-100043,Engineer 01,Customer 005,C005-P1,2025-03-05,0.5
TE-100044,Engineer 01,Customer 013,C013-P2,2025-04-20,0.5
TE-100045,Engineer 01,Customer 011,C011-P2,2025-01-26,0.5
TE-100046,Engineer 01,Customer 005,C005-P1,2025-03-10,1.5
TE-100047,Engineer 01,Customer 013,C013-P1,2025-09-13,6.0
TE-100048,Engineer 01,Customer 011,C011-P1,2025-03-07,3.0
TE-100049,Engineer 01,Customer 013,C013-P1,2025-12-02,1.5
TE-100050,Engineer 01,Customer 005,C005-P1,2025-07-31,0.5
TE-100051,Engineer 01,Customer 005,C005-P1,2025-04-02,4.0
TE-100052,Engineer 01,Customer 011,C011-P1,2025-05-23,2.0
TE-100053,Engineer 01,Customer 011,C011-P1,2025-05-02,1.5
TE-100054,Engineer 01,Customer 011,C011-P1,2025-10-12,8.0
TE-100055,Engineer 01,Customer 005,C005-P1,2025-01-29,0.5
TE-100056,Engineer 01,Customer 005,C005-P1,2025-07-24,6.0
TE-100057,Engineer 01,Customer 005,C005-P1,2025-12-03,3.0
TE-100058,Engineer 01,Customer 013,C013-P2,2025-08-14,1.0
TE-100059,Engineer 01,Customer 018,C018-P1,2025-10-26,2.0
TE-100060,Engineer 01,Customer 005,C005-P1,2025-05-27,2.0
TE-100061,Engineer 01,Customer 011,C011-P2,2025-03-08,0.5
TE-100062,Engineer 01,Customer 005,C005-P1,2025-03-29,1.5
TE-100063,Engineer 01,Customer 013,C013-P1,2025-05-10,6.0
TE-100064,Engineer 01,Customer 013,C013-P2,2025-06-20,6.0
TE-100065,Engineer 01,Customer 018,C018-P1,2025-12-07,1.5
TE-100066,Engineer 01,Customer 013,C013-P1,2025-12-15,4.0
TE-100067,Engineer 01,Customer 013,C013-P1,2025-05-16,6.0
TE-100068,Engineer 01,Customer 018,C018-P2,2025-03-17,0.5
TE-100069,Engineer 01,Customer 013,C013-P2,2025-10-31,6.0
TE-100070,Engineer 01,Customer 013,C013-P1,2025-11-15,2.0
TE-100071,Engineer 01,Customer 013,C013-P2,2025-07-11,0.5
TE-100072,Engineer 01,Customer 011,C011-P1,2025-03-25,3.0
TE-100073,Engineer 01,Customer 013,C013-P1,2025-03-01,4.0
TE-100074,Engineer 01,Customer 018,C018-P2,2025-04-09,0.5
TE-100075,Engineer 01,Customer 005,C005-P1,2025-11-26,1.5
TE-100076,Engineer 01,Customer 011,C011-P2,2025-12-13,1.0
TE-100077,Engineer 01,Customer 013,C013-P1,2025-02-24,2.0
TE-100078,Engineer 01,Customer 005,C005-P1,2025-11-18,0.5
TE-100079,Engineer 01,Customer 013,C013-P1,2025-01-10,3.0
TE-100080,Engineer 01,Customer 011,C011-P2,2025-06-12,4.0
TE-100081,Engineer 01,Customer 011,C011-P1,2025-07-09,2.0
TE-100082,Engineer 01,Customer 018,C018-P2,2025-06-18,0.5
TE-100083,Engineer 01,Customer 005,C005-P1,2025-06-06,2.0
TE-100084,Engineer 01,Customer 011,C011-P2,2025-05-10,6.0
TE-100085,Engineer 01,Customer 018,C018-P1,2025-09-20,2.0
TE-100086,Engineer 01,Customer 005,C005-P1,2025-10-29,8.0
TE-100087,Engineer 01,Customer 011,C011-P1,2025-02-18,6.0
TE-100088,Engineer 01,Customer 018,C018-P2,2025-05-26,3.0
TE-100089,Engineer 01,Customer 018,C018-P2,2025-11-25,6.0
TE-100090,Engineer 01,Customer 005,C005-P1,2025-08-01,3.0
TE-100091,Engineer 01,Customer 005,C005-P1,2025-05-25,0.5
TE-100092,Engineer 01,Customer 018,C018-P2,2025-10-21,8.0
TE-100093,Engineer 01,Customer 005,C005-P1,2025-04-09,0.5
TE-100094,Engineer 01,Customer 013,C013-P1,2025-10-08,4.0
TE-100095,Engineer 01,Customer 011,C011-P2,2025-12-20,8.0
TE-100096,Engineer 01,Customer 011,C011-P1,2025-03-15,6.0
TE-100097,Engineer 01,Customer 005,C005-P1,2025-11-10,8.0
TE-100098,Engineer 01,Customer 005,C005-P1,2025-06-19,0.5
TE-100099,Engineer 01,Customer 013,C013-P2,2025-08-02,1.5
TE-100100,Engineer 01,Customer 018,C018-P1,2025-07-10,0.5
TE-100101,Engineer 01,Customer 005,C005-P1,2025-10-09,0.5
TE-100102,Engineer 01,Customer 001,C001-P1,2025-11-19,6.0
TE-100103,Engineer 01,Customer 018,C018-P1,2025-01-01,0.5
TE-100104,Engineer 01,Customer 005,C005-P1,2025-05-09,1.0
TE-100105,Engineer 01,Customer 005,C005-P1,2025-11-27,8.0
TE-100106,Engineer 01,Customer 018,C018-P1,2025-04-02,1.5
TE-100107,Engineer 01,Customer 018,C018-P1,2025-04-27,6.0
TE-100108,Engineer 01,Customer 005,C005-P1,2025-08-01,2.0
TE-100109,Engineer 01,Customer 005,C005-P1,2025-01-28,0.5
TE-100110,Engineer 01,Customer 013,C013-P2,2025-11-18,8.0
TE-100111,Engineer 01,Customer 005,C005-P1,2025-07-14,1.5
TE-100112,Engineer 01,Customer 013,C013-P2,2025-03-10,6.0
TE-100113,Engineer 01,Customer 005,C005-P1,2025-04-16,8.0
TE-100114,Engineer 01,Customer 013,C013-P2,2025-04-02,8.0
TE-100115,Engineer 01,Customer 005,C005-P1,2025-01-08,0.5
TE-100116,Engineer 01,Customer 018,C018-P2,2025-08-03,6.0
TE-100117,Engineer 01,Customer 036,C036-P1,2025-10-05,0.5
TE-100118,Engineer 01,Customer 005,C005-P1,2025-04-14,4.0
TE-100119,Engineer 01,Customer 018,C018-P1,2025-01-13,2.0
TE-100120,Engineer 01,Customer 011,C011-P1,2025-07-22,3.0
TE-100121,Engineer 01,Customer 011,C011-P1,2025-02-17,4.0
TE-100122,Engineer 01,Customer 005,C005-P1,2025-03-02,3.0
TE-100123,Engineer 01,Customer 018,C018-P1,2025-11-11,2.0
TE-100124,Engineer 01,Customer 018,C018-P1,2025-01-13,8.0
TE-100125,Engineer 01,Customer 013,C013-P1,2025-06-08,2.0
TE-100126,Engineer 01,Customer 018,C018-P1,2025-06-14,0.5
TE-100127,Engineer 01,Customer 011,C011-P1,2025-04-18,1.0
TE-100128,Engineer 01,Customer 018,C018-P1,2025-06-23,8.0
TE-100129,Engineer 01,Customer 005,C005-P1,2025-04-07,0.5
TE-100130,Engineer 01,Customer 028,C028-P1,2025-02-11,2.0
TE-100131,Engineer 01,Customer 011,C011-P1,2025-04-22,0.5
TE-100132,Engineer 01,Customer 013,C013-P1,2025-08-21,0.5
TE-100133,Engineer 01,Customer 005,C005-P1,2025-03-19,8.0
TE-100134,Engineer 01,Customer 018,C018-P1,2025-02-19,8.0
TE-100135,Engineer 01,Customer 005,C005-P1,2025-07-25,1.0
TE-100136,Engineer 01,Customer 005,C005-P1,2025-05-13,2.0
TE-100137,Engineer 01,Customer 005,C005-P1,2025-05-24,3.0
TE-100138,Engineer 01,Customer 005,C005-P1,2025-09-24,4.0
TE-100139,Engineer 01,Customer 010,C010-P1,2025-05-22,1.5
TE-100140,Engineer 01,Customer 005,C005-P1,2025-04-21,6.0
TE-100141,Engineer 01,Customer 013,C013-P1,2025-04-06,1.5
TE-100142,Engineer 01,Customer 013,C013-P2,2025-06-10,4.0
TE-100143,Engineer 01,Customer 018,C018-P1,2025-03-09,1.5
TE-100144,Engineer 01,Customer 018,C018-P1,2025-01-26,4.0
TE-100145,Engineer 01,Customer 011,C011-P2,2025-03-11,6.0
TE-100146,Engineer 01,Customer 011,C011-P2,2025-03-09,1.0
TE-100147,Engineer 01,Customer 011,C011-P1,2025-11-01,8.0
TE-100148,Engineer 01,Customer 005,C005-P1,2025-04-01,3.0
TE-100149,Engineer 01,Customer 013,C013-P2,2025-10-11,8.0
TE-100150,Engineer 01,Customer 011,C011-P2,2025-05-06,1.0
TE-100151,Engineer 01,Customer 018,C018-P1,2025-04-02,0.5
TE-100152,Engineer 01,Customer 005,C005-P1,2025-06-15,1.0
TE-100153,Engineer 01,Customer 002,C002-P1,2025-01-10,4.0
TE-100154,Engineer 01,Customer 018,C018-P2,2025-06-07,2.0
TE-100155,Engineer 01,Customer 011,C011-P2,2025-05-04,2.0
TE-100156,Engineer 01,Customer 018,C018-P1,2025-03-26,1.5
TE-100157,Engineer 01,Customer 013,C013-P1,2025-01-20,8.0
TE-100158,Engineer 01,Customer 005,C005-P1,2025-07-14,3.0
TE-100159,Engineer 01,Customer 005,C005-P1,2025-08-27,4.0
TE-100160,Engineer 01,Customer 005,C005-P1,2025-12-18,0.5
TE-100161,Engineer 01,Customer 005,C005-P1,2025-07-02,4.0
TE-100162,Engineer 01,Customer 011,C011-P2,2025-01-19,1.0
TE-100163,Engineer 01,Customer 018,C018-P2,2025-11-20,6.0
TE-100164,Engineer 01,Customer 018,C018-P1,2025-05-11,3.0
TE-100165,Engineer 01,Customer 018,C018-P2,2025-09-23,1.0
TE-100166,Engineer 01,Customer 011,C011-P2,2025-04-03,1.0
TE-100167,Engineer 01,Customer 005,C005-P1,2025-05-02,3.0
TE-100168,Engineer 01,Customer 018,C018-P2,2025-08-10,6.0
TE-100169,Engineer 01,Customer 018,C018-P1,2025-12-07,8.0
TE-100170,Engineer 01,Customer 013,C013-P2,2025-02-06,6.0
TE-100171,Engineer 01,Customer 011,C011-P2,2025-10-28,6.0
TE-100172,Engineer 01,Customer 011,C011-P2,2025-05-07,3.0
TE-100173,Engineer 01,Customer 011,C011-P1,2025-05-16,2.0
TE-100174,Engineer 01,Customer 013,C013-P1,2025-12-01,2.0
TE-100175,Engineer 01,Customer 013,C013-P2,2025-10-31,0.5
TE-100176,Engineer 01,Customer 018,C018-P2,2025-10-02,3.0
TE-100177,Engineer 01,Customer 013,C013-P1,2025-07-17,6.0
TE-100178,Engineer 01,Customer 011,C011-P1,2025-07-28,4.0
TE-100179,Engineer 01,Customer 018,C018-P1,2025-05-17,1.5
TE-100180,Engineer 01,Customer 011,C011-P1,2025-09-12,2.0
TE-100181,Engineer 01,Customer 011,C011-P2,2025-10-25,8.0
TE-100182,Engineer 01,Customer 011,C011-P1,2025-10-09,6.0
TE-100183,Engineer 01,Customer 018,C018-P2,2025-01-06,4.0
TE-100184,Engineer 01,Customer 011,C011-P1,2025-11-11,0.5
TE-100185,Engineer 01,Customer 013,C013-P1,2025-03-30,4.0
TE-100186,Engineer 01,Customer 011,C011-P1,2025-11-07,3.0
TE-100187,Engineer 01,Customer 013,C013-P1,2025-07-12,2.0
TE-100188,Engineer 01,Customer 013,C013-P1,2025-12-14,1.0
TE-100189,Engineer 01,Customer 018,C018-P2,2025-09-04,0.5
TE-100190,Engineer 01,Customer 018,C018-P1,2025-11-02,1.5
TE-100191,Engineer 01,Customer 018,C018-P2,2025-01-31,0.5
TE-100192,Engineer 01,Customer 037,C037-P1,2025-03-28,2.0
TE-100193,Engineer 01,Customer 011,C011-P2,2025-08-05,2.0
TE-100194,Engineer 01,Customer 011,C011-P1,2025-11-05,8.0
TE-100195,Engineer 01,Customer 013,C013-P2,2025-10-22,1.5
TE-100196,Engineer 01,Customer 005,C005-P1,2025-10-09,1.0
TE-100197,Engineer 01,Customer 011,C011-P1,2025-01-02,6.0
TE-100198,Engineer 01,Customer 005,C005-P1,2025-10-31,0.5
TE-100199,Engineer 01,Customer 018,C018-P1,2025-04-10,4.0
TE-100200,Engineer 01,Customer 013,C013-P1,2025-07-29,3.0
TE-100201,Engineer 01,Customer 018,C018-P1,2025-04-20,8.0
TE-100202,Engineer 01,Customer 005,C005-P1,2025-12-23,4.0
TE-100203,Engineer 01,Customer 011,C011-P1,2025-06-22,0.5
TE-100204,Engineer 01,Customer 018,C018-P1,2025-10-24,1.0
TE-100205,Engineer 01,Customer 011,C011-P1,2025-10-24,1.5
TE-100206,Engineer 01,Customer 011,C011-P1,2025-01-29,2.0
TE-100207,Engineer 01,Customer 018,C018-P2,2025-06-24,2.0
TE-100208,Engineer 01,Customer 013,C013-P1,2025-09-21,4.0
TE-100209,Engineer 01,Customer 005,C005-P1,2025-07-25,8.0
TE-100210,Engineer 01,Customer 011,C011-P2,2025-11-06,0.5
TE-100211,Engineer 01,Customer 005,C005-P1,2025-12-11,0.5
TE-100212,Engineer 01,Customer 005,C005-P1,2025-08-10,2.0
TE-100213,Engineer 01,Customer 013,C013-P2,2025-06-16,4.0
TE-100214,Engineer 01,Customer 005,C005-P1,2025-10-27,2.0
TE-100215,Engineer 01,Customer 005,C005-P1,2025-05-10,1.0
TE-100216,Engineer 01,Customer 011,C011-P1,2025-05-26,3.0
TE-100217,Engineer 01,Customer 005,C005-P1,2025-09-11,6.0
TE-100218,Engineer 01,Customer 011,C011-P1,2025-02-16,8.0
TE-100219,Engineer 01,Customer 013,C013-P1,2025-04-06,2.0
TE-100220,Engineer 01,Customer 011,C011-P1,2025-09-11,2.0
TE-100221,Engineer 01,Customer 011,C011-P2,2025-02-20,0.5
TE-100222,Engineer 01,Customer 015,C015-P1,2025-10-12,1.5
TE-100223,Engineer 01,Customer 005,C005-P1,2025-11-25,0.5
TE-100224,Engineer 01,Customer 018,C018-P2,2025-07-10,2.0
TE-100225,Engineer 01,Customer 013,C013-P2,2025-05-01,1.5
TE-100226,Engineer 01,Customer 018,C018-P1,2025-10-23,3.0
TE-100227,Engineer 01,Customer 013,C013-P1,2025-06-04,0.5
TE-100228,Engineer 01,Customer 011,C011-P2,2025-08-14,6.0
TE-100229,Engineer 01,Customer 005,C005-P1,2025-10-28,8.0
TE-100230,Engineer 01,Customer 005,C005-P1,2025-05-09,1.5
TE-100231,Engineer 01,Customer 005,C005-P1,2025-05-28,8.0
TE-100232,Engineer 01,Customer 018,C018-P1,2025-07-22,1.5
TE-100233,Engineer 01,Customer 013,C013-P1,2025-04-18,0.5
TE-100234,Engineer 01,Customer 013,C013-P2,2025-09-14,1.0
TE-100235,Engineer 01,Customer 005,C005-P1,2025-03-16,4.0
TE-100236,Engineer 01,Customer 005,C005-P1,2025-05-26,1.0
TE-100237,Engineer 01,Customer 005,C005-P1,2025-10-22,8.0
TE-100238,Engineer 01,Customer 005,C005-P1,2025-12-09,8.0
TE-100239,Engineer 01,Customer 011,C011-P2,2025-06-26,1.5
TE-100240,Engineer 01,Customer 011,C011-P1,2025-12-19,1.5
TE-100241,Engineer 01,Customer 013,C013-P2,2025-06-08,1.0
TE-100242,Engineer 01,Customer 013,C013-P1,2025-03-28,1.5
TE-100243,Engineer 01,Customer 013,C013-P2,2025-01-29,4.0
TE-100244,Engineer 01,Customer 013,C013-P2,2025-09-21,2.0
TE-100245,Engineer 01,Customer 018,C018-P1,2025-09-21,2.0
TE-100246,Engineer 01,Customer 018,C018-P1,2025-02-14,3.0
TE-100247,Engineer 01,Customer 013,C013-P2,2025-01-27,4.0
TE-100248,Engineer 01,Customer 018,C018-P1,2025-12-21,4.0
TE-100249,Engineer 01,Customer 005,C005-P1,2025-09-12,3.0
TE-100250,Engineer 01,Customer 005,C005-P1,2025-01-12,1.0
TE-100251,Engineer 01,Customer 013,C013-P2,2025-10-29,1.0
TE-100252,Engineer 01,Customer 011,C011-P2,2025-02-26,3.0
TE-100253,Engineer 01,Customer 011,C011-P1,2025-07-26,1.0
TE-100254,Engineer 01,Customer 011,C011-P2,2025-07-11,4.0
TE-100255,Engineer 01,Customer 013,C013-P1,2025-01-07,1.5
TE-100256,Engineer 01,Customer 005,C005-P1,2025-12-17,1.0
TE-100257,Engineer 01,Customer 005,C005-P1,2025-05-26,1.5
TE-100258,Engineer 01,Customer 038,C038-P1,2025-07-04,8.0
TE-100259,Engineer 01,Customer 013,C013-P1,2025-03-14,4.0
TE-100260,Engineer 01,Customer 005,C005-P1,2025-08-18,1.5
TE-100261,Engineer 01,Customer 013,C013-P1,2025-06-14,6.0
TE-100262,Engineer 01,Customer 018,C018-P2,2025-05-15,4.0
TE-100263,Engineer 01,Customer 018,C018-P2,2025-11-23,4.0
TE-100264,Engineer 01,Customer 018,C018-P1,2025-08-08,1.5
TE-100265,Engineer 01,Customer 011,C011-P1,2025-06-05,8.0
TE-100266,Engineer 01,Customer 018,C018-P1,2025-11-06,3.0
TE-100267,Engineer 01,Customer 013,C013-P1,2025-02-03,1.0
TE-100268,Engineer 01,Customer 005,C005-P1,2025-03-17,4.0
TE-100269,Engineer 01,Customer 013,C013-P2,2025-05-25,0.5
TE-100270,Engineer 01,Customer 018,C018-P2,2025-07-14,2.0
TE-100271,Engineer 01,Customer 005,C005-P1,2025-10-09,1.5
TE-100272,Engineer 01,Customer 010,C010-P3,2025-04-09,6.0
TE-100273,Engineer 01,Customer 018,C018-P2,2025-12-03,0.5
TE-100274,Engineer 01,Customer 013,C013-P1,2025-04-19,8.0
TE-100275,Engineer 01,Customer 013,C013-P1,2025-07-19,2.0
TE-100276,Engineer 01,Customer 011,C011-P1,2025-04-07,8.0
TE-100277,Engineer 01,Customer 005,C005-P1,2025-06-25,3.0
TE-100278,Engineer 01,Customer 005,C005-P1,2025-06-28,2.0
TE-100279,Engineer 01,Customer 018,C018-P2,2025-11-25,1.5
TE-100280,Engineer 01,Customer 005,C005-P1,2025-04-18,8.0
TE-100281,Engineer 01,Customer 013,C013-P2,2025-03-29,1.5
TE-100282,Engineer 01,Customer 013,C013-P1,2025-02-14,4.0
TE-100283,Engineer 01,Customer 013,C013-P2,2025-04-24,0.5
TE-100284,Engineer 01,Customer 005,C005-P1,2025-05-03,2.0
TE-100285,Engineer 01,Customer 013,C013-P1,2025-01-08,6.0
TE-100286,Engineer 01,Customer 005,C005-P1,2025-12-15,4.0
TE-100287,Engineer 01,Customer 018,C018-P2,2025-12-07,2.0
TE-100288,Engineer 01,Customer 018,C018-P1,2025-08-06,1.0
TE-100289,Engineer 01,Customer 011,C011-P1,2025-08-21,1.5
TE-100290,Engineer 01,Customer 013,C013-P2,2025-02-07,4.0
TE-100291,Engineer 01,Customer 011,C011-P2,2025-08-18,1.0
TE-100292,Engineer 01,Customer 013,C013-P1,2025-11-05,4.0
TE-100293,Engineer 01,Customer 018,C018-P2,2025-09-29,1.0
TE-100294,Engineer 01,Customer 018,C018-P2,2025-03-27,8.0
TE-100295,Engineer 01,Customer 011,C011-P1,2025-06-25,0.5
TE-100296,Engineer 01,Customer 005,C005-P1,2025-11-18,8.0
TE-100297,Engineer 01,Customer 005,C005-P1,2025-06-08,1.0
TE-100298,Engineer 01,Customer 011,C011-P1,2025-10-13,0.5
TE-100299,Engineer 01,Customer 005,C005-P1,2025-12-26,3.0
TE-100300,Engineer 01,Customer 018,C018-P2,2025-05-27,4.0
TE-100301,Engineer 01,Customer 011,C011-P1,2025-09-29,1.0
TE-100302,Engineer 01,Customer 005,C005-P1,2025-07-20,6.0
TE-100303,Engineer 01,Customer 018,C018-P2,2025-12-20,8.0
TE-100304,Engineer 01,Customer 007,C007-P2,2025-12-07,3.0
TE-100305,Engineer 01,Customer 018,C018-P1,2025-06-02,1.0
TE-100306,Engineer 01,Customer 005,C005-P1,2025-10-06,1.0
TE-100307,Engineer 01,Customer 018,C018-P1,2025-04-14,1.0
TE-100308,Engineer 01,Customer 013,C013-P2,2025-07-15,0.5
TE-100309,Engineer 01,Customer 018,C018-P1,2025-06-07,0.5
TE-100310,Engineer 01,Customer 005,C005-P1,2025-06-06,8.0
TE-100311,Engineer 01,Customer 018,C018-P1,2025-03-17,2.0
TE-100312,Engineer 01,Customer 011,C011-P2,2025-10-23,1.0
TE-100313,Engineer 01,Customer 018,C018-P1,2025-03-28,0.5
TE-100314,Engineer 01,Customer 011,C011-P2,2025-04-04,4.0
TE-100315,Engineer 01,Customer 013,C013-P1,2025-03-18,1.5
TE-100316,Engineer 01,Customer 011,C011-P1,2025-05-02,0.5
TE-100317,Engineer 01,Customer 018,C018-P2,2025-10-23,0.5
TE-100318,Engineer 01,Customer 005,C005-P1,2025-02-05,8.0
TE-100319,Engineer 01,Customer 013,C013-P1,2025-12-16,3.0
TE-100320,Engineer 01,Customer 005,C005-P1,2025-07-29,3.0
TE-100321,Engineer 01,Customer 005,C005-P1,2025-10-10,8.0
TE-100322,Engineer 01,Customer 011,C011-P2,2025-06-26,8.0
TE-100323,Engineer 01,Customer 011,C011-P1,2025-07-15,1.0
TE-100324,Engineer 01,Customer 011,C011-P1,2025-01-16,8.0
TE-100325,Engineer 01,Customer 005,C005-P1,2025-04-04,2.0
TE-100326,Engineer 01,Customer 011,C011-P2,2025-10-28,0.5
TE-100327,Engineer 01,Customer 013,C013-P1,2025-07-11,3.0
TE-100328,Engineer 01,Customer 013,C013-P2,2025-04-03,1.5
TE-100329,Engineer 01,Customer 013,C013-P1,2025-01-09,3.0
TE-100330,Engineer 01,Customer 013,C013-P2,2025-01-09,2.0
TE-100331,Engineer 01,Customer 018,C018-P2,2025-04-04,3.0
TE-100332,Engineer 01,Customer 013,C013-P1,2025-06-23,6.0
TE-100333,Engineer 01,Customer 005,C005-P1,2025-09-05,4.0
TE-100334,Engineer 01,Customer 013,C013-P1,2025-11-28,2.0
TE-100335,Engineer 01,Customer 034,C034-P1,2025-09-05,2.0
TE-100336,Engineer 01,Customer 018,C018-P2,2025-05-03,3.0
TE-100337,Engineer 01,Customer 013,C013-P2,2025-08-30,0.5
TE-100338,Engineer 01,Customer 018,C018-P1,2025-02-26,3.0
TE-100339,Engineer 01,Customer 018,C018-P2,2025-04-27,8.0
TE-100340,Engineer 01,Customer 011,C011-P1,2025-12-23,1.5
TE-100341,Engineer 01,Customer 005,C005-P1,2025-09-29,3.0
TE-100342,Engineer 01,Customer 005,C005-P1,2025-02-12,1.0
TE-100343,Engineer 01,Customer 018,C018-P2,2025-11-02,0.5
TE-100344,Engineer 01,Customer 011,C011-P1,2025-01-17,8.0
TE-100345,Engineer 01,Customer 011,C011-P1,2025-03-17,4.0
TE-100346,Engineer 01,Customer 013,C013-P1,2025-05-04,4.0
TE-100347,Engineer 01,Customer 018,C018-P1,2025-05-24,1.5
TE-100348,Engineer 01,Customer 005,C005-P1,2025-12-13,8.0
TE-100349,Engineer 01,Customer 005,C005-P1,2025-10-14,2.0
TE-100350,Engineer 01,Customer 013,C013-P2,2025-11-30,3.0
TE-100351,Engineer 02,Customer 033,C033-P1,2025-11-10,3.0
TE-100352,Engineer 02,Customer 035,C035-P1,2025-11-03,3.0
TE-100353,Engineer 02,Customer 035,C035-P2,2025-01-30,4.0
TE-100354,Engineer 02,Customer 033,C033-P1,2025-11-20,6.0
TE-100355,Engineer 02,Customer 033,C033-P1,2025-09-02,8.0
TE-100356,Engineer 02,Customer 035,C035-P1,2025-08-13,2.0
TE-100357,Engineer 02,Customer 033,C033-P1,2025-08-13,1.0
TE-100358,Engineer 02,Customer 033,C033-P1,2025-02-12,6.0
TE-100359,Engineer 02,Customer 006,C006-P2,2025-04-13,6.0
TE-100360,Engineer 02,Customer 033,C033-P1,2025-02-04,2.0
TE-100361,Engineer 02,Customer 006,C006-P2,2025-09-25,4.0
TE-100362,Engineer 02,Customer 035,C035-P2,2025-10-20,1.5
TE-100363,Engineer 02,Customer 007,C007-P1,2025-01-06,0.5
TE-100364,Engineer 02,Customer 033,C033-P1,2025-03-04,6.0
TE-100365,Engineer 02,Customer 035,C035-P2,2025-02-10,8.0
TE-100366,Engineer 02,Customer 035,C035-P2,2025-01-31,0.5
TE-100367,Engineer 02,Customer 035,C035-P1,2025-02-27,2.0
TE-100368,Engineer 02,Customer 033,C033-P1,2025-05-15,0.5
TE-100369,Engineer 02,Customer 006,C006-P1,2025-03-02,0.5
TE-100370,Engineer 02,Customer 033,C033-P1,2025-04-02,1.0
TE-100371,Engineer 02,Customer 006,C006-P1,2025-03-02,0.5
TE-100372,Engineer 02,Customer 006,C006-P1,2025-02-27,3.0
TE-100373,Engineer 02,Customer 006,C006-P2,2025-04-17,1.5
TE-100374,Engineer 02,Customer 006,C006-P2,2025-11-13,1.0
TE-100375,Engineer 02,Customer 033,C033-P1,2025-11-09,6.0
TE-100376,Engineer 02,Customer 035,C035-P2,2025-02-22,6.0
TE-100377,Engineer 02,Customer 006,C006-P2,2025-08-09,3.0
TE-100378,Engineer 02,Customer 006,C006-P2,2025-12-19,0.5
TE-100379,Engineer 02,Customer 035,C035-P1,2025-02-27,2.0
TE-100380,Engineer 02,Customer 006,C006-P2,2025-01-05,0.5
TE-100381,Engineer 02,Customer 006,C006-P1,2025-09-22,0.5
TE-100382,Engineer 02,Customer 006,C006-P2,2025-06-14,0.5
TE-100383,Engineer 02,Customer 006,C006-P1,2025-07-07,1.0
TE-100384,Engineer 02,Customer 006,C006-P1,2025-02-20,8.0
TE-100385,Engineer 02,Customer 002,C002-P1,2025-11-22,4.0
TE-100386,Engineer 02,Customer 006,C006-P1,2025-05-02,8.0
TE-100387,Engineer 02,Customer 006,C006-P1,2025-01-31,0.5
TE-100388,Engineer 02,Customer 006,C006-P2,2025-05-08,4.0
TE-100389,Engineer 02,Customer 033,C033-P1,2025-10-12,0.5
TE-100390,Engineer 02,Customer 035,C035-P1,2025-08-06,0.5
TE-100391,Engineer 02,Customer 035,C035-P1,2025-10-29,1.5
TE-100392,Engineer 02,Customer 033,C033-P1,2025-12-13,0.5
TE-100393,Engineer 02,Customer 033,C033-P1,2025-11-22,1.0
TE-100394,Engineer 02,Customer 033,C033-P1,2025-09-09,1.0
TE-100395,Engineer 02,Customer 035,C035-P1,2025-03-16,4.0
TE-100396,Engineer 02,Customer 035,C035-P2,2025-11-15,0.5
TE-100397,Engineer 02,Customer 035,C035-P1,2025-11-19,0.5
TE-100398,Engineer 02,Customer 035,C035-P1,2025-04-25,4.0
TE-100399,Engineer 02,Customer 033,C033-P1,2025-04-09,1.0
TE-100400,Engineer 02,Customer 033,C033-P1,2025-11-04,8.0
TE-100401,Engineer 02,Customer 033,C033-P1,2025-10-02,4.0
TE-100402,Engineer 02,Customer 033,C033-P1,2025-01-23,2.0
TE-100403,Engineer 02,Customer 035,C035-P2,2025-10-15,2.0
TE-100404,Engineer 02,Customer 006,C006-P1,2025-12-26,2.0
TE-100405,Engineer 02,Customer 006,C006-P2,2025-01-23,3.0
TE-100406,Engineer 02,Customer 033,C033-P1,2025-01-21,4.0
TE-100407,Engineer 02,Customer 006,C006-P1,2025-08-10,0.5
TE-100408,Engineer 02,Customer 006,C006-P1,2025-08-03,6.0
TE-100409,Engineer 02,Customer 035,C035-P2,2025-02-20,4.0
TE-100410,Engineer 02,Customer 035,C035-P1,2025-10-31,1.0
TE-100411,Engineer 02,Customer 026,C026-P3,2025-04-29,2.0
TE-100412,Engineer 02,Customer 033,C033-P1,2025-09-17,1.0
TE-100413,Engineer 02,Customer 006,C006-P2,2025-09-27,1.0
TE-100414,Engineer 02,Customer 039,C039-P1,2025-07-14,1.5
TE-100415,Engineer 02,Customer 035,C035-P1,2025-01-16,0.5
TE-100416,Engineer 02,Customer 012,C012-P1,2025-04-21,2.0
TE-100417,Engineer 02,Customer 033,C033-P1,2025-08-11,8.0
TE-100418,Engineer 02,Customer 033,C033-P1,2025-10-28,8.0
TE-100419,Engineer 02,Customer 035,C035-P2,2025-01-27,8.0
TE-100420,Engineer 02,Customer 006,C006-P1,2025-11-12,4.0
TE-100421,Engineer 02,Customer 033,C033-P1,2025-10-16,3.0
TE-100422,Engineer 02,Customer 035,C035-P2,2025-04-26,4.0
TE-100423,Engineer 02,Customer 035,C035-P2,2025-05-16,1.0
TE-100424,Engineer 02,Customer 006,C006-P2,2025-04-10,6.0
TE-100425,Engineer 02,Customer 006,C006-P2,2025-05-20,8.0
TE-100426,Engineer 02,Customer 033,C033-P1,2025-03-03,2.0
TE-100427,Engineer 02,Customer 033,C033-P1,2025-01-28,1.0
TE-100428,Engineer 02,Customer 006,C006-P2,2025-11-11,1.5
TE-100429,Engineer 02,Customer 035,C035-P2,2025-08-29,0.5
TE-100430,Engineer 02,Customer 035,C035-P2,2025-01-12,6.0
TE-100431,Engineer 02,Customer 006,C006-P2,2025-11-12,4.0
TE-100432,Engineer 02,Customer 035,C035-P1,2025-07-29,2.0
TE-100433,Engineer 02,Customer 006,C006-P2,2025-02-25,1.0
TE-100434,Engineer 02,Customer 033,C033-P1,2025-08-29,6.0
TE-100435,Engineer 02,Customer 006,C006-P1,2025-03-05,2.0
TE-100436,Engineer 02,Customer 035,C035-P1,2025-04-13,1.5
TE-100437,Engineer 02,Customer 033,C033-P1,2025-09-05,2.0
TE-100438,Engineer 02,Customer 022,C022-P1,2025-08-31,8.0
TE-100439,Engineer 02,Customer 033,C033-P1,2025-08-14,4.0
TE-100440,Engineer 02,Customer 006,C006-P2,2025-06-06,6.0
TE-100441,Engineer 02,Customer 033,C033-P1,2025-05-03,2.0
TE-100442,Engineer 02,Customer 035,C035-P1,2025-11-28,4.0
TE-100443,Engineer 02,Customer 033,C033-P1,2025-05-22,2.0
TE-100444,Engineer 02,Customer 006,C006-P2,2025-11-19,4.0
TE-100445,Engineer 02,Customer 001,C001-P2,2025-10-17,3.0
TE-100446,Engineer 02,Customer 033,C033-P1,2025-11-16,0.5
TE-100447,Engineer 02,Customer 033,C033-P1,2025-08-10,3.0
TE-100448,Engineer 02,Customer 033,C033-P1,2025-07-02,6.0
TE-100449,Engineer 02,Customer 033,C033-P1,2025-05-26,6.0
TE-100450,Engineer 02,Customer 006,C006-P1,2025-07-25,0.5
TE-100451,Engineer 02,Customer 006,C006-P1,2025-10-22,8.0
TE-100452,Engineer 02,Customer 013,C013-P1,2025-11-02,6.0
TE-100453,Engineer 02,Customer 035,C035-P2,2025-07-17,1.5
TE-100454,Engineer 02,Customer 033,C033-P1,2025-01-02,1.5
TE-100455,Engineer 02,Customer 035,C035-P2,2025-04-01,4.0
TE-100456,Engineer 02,Customer 006,C006-P2,2025-06-28,6.0
TE-100457,Engineer 02,Customer 035,C035-P1,2025-10-25,6.0
TE-100458,Engineer 02,Customer 033,C033-P1,2025-06-29,1.5
TE-100459,Engineer 02,Customer 033,C033-P1,2025-06-07,1.0
TE-100460,Engineer 02,Customer 006,C006-P2,2025-03-24,2.0
TE-100461,Engineer 02,Customer 035,C035-P2,2025-07-15,1.0
TE-100462,Engineer 02,Customer 035,C035-P2,2025-04-10,2.0
TE-100463,Engineer 02,Customer 033,C033-P1,2025-03-31,0.5
TE-100464,Engineer 02,Customer 006,C006-P2,2025-05-15,1.0
TE-100465,Engineer 02,Customer 033,C033-P1,2025-03-18,8.0
TE-100466,Engineer 02,Customer 035,C035-P2,2025-03-28,1.5
TE-100467,Engineer 02,Customer 006,C006-P1,2025-08-10,3.0
TE-100468,Engineer 02,Customer 006,C006-P1,2025-10-19,1.0
TE-100469,Engineer 02,Customer 033,C033-P1,2025-09-14,0.5
TE-100470,Engineer 02,Customer 035,C035-P1,2025-06-01,3.0
TE-100471,Engineer 02,Customer 033,C033-P1,2025-02-18,1.0
TE-100472,Engineer 02,Customer 033,C033-P1,2025-01-17,0.5
TE-100473,Engineer 02,Customer 035,C035-P1,2025-11-03,1.5
TE-100474,Engineer 02,Customer 038,C038-P3,2025-10-04,2.0
TE-100475,Engineer 02,Customer 035,C035-P1,2025-04-05,6.0
TE-100476,Engineer 02,Customer 006,C006-P1,2025-08-28,1.0
TE-100477,Engineer 02,Customer 033,C033-P1,2025-07-20,2.0
TE-100478,Engineer 02,Customer 033,C033-P1,2025-08-12,6.0
TE-100479,Engineer 02,Customer 033,C033-P1,2025-09-26,6.0
TE-100480,Engineer 02,Customer 006,C006-P2,2025-02-01,3.0
TE-100481,Engineer 02,Customer 035,C035-P2,2025-02-22,0.5
TE-100482,Engineer 02,Customer 035,C035-P1,2025-09-02,1.0
TE-100483,Engineer 02,Customer 006,C006-P1,2025-08-09,1.5
TE-100484,Engineer 02,Customer 006,C006-P2,2025-05-06,1.0
TE-100485,Engineer 02,Customer 035,C035-P2,2025-04-08,1.5
TE-100486,Engineer 02,Customer 035,C035-P2,2025-11-08,2.0
TE-100487,Engineer 02,Customer 033,C033-P1,2025-05-16,6.0
TE-100488,Engineer 02,Customer 033,C033-P1,2025-12-21,4.0
TE-100489,Engineer 02,Customer 006,C006-P1,2025-10-13,1.5
TE-100490,Engineer 02,Customer 035,C035-P2,2025-12-11,1.0
TE-100491,Engineer 02,Customer 006,C006-P1,2025-01-02,2.0
TE-100492,Engineer 02,Customer 035,C035-P2,2025-08-29,2.0
TE-100493,Engineer 02,Customer 006,C006-P2,2025-11-09,4.0
TE-100494,Engineer 02,Customer 013,C013-P1,2025-06-19,1.5
TE-100495,Engineer 02,Customer 006,C006-P1,2025-02-25,1.5
TE-100496,Engineer 02,Customer 035,C035-P1,2025-12-05,2.0
TE-100497,Engineer 02,Customer 035,C035-P1,2025-06-30,4.0
TE-100498,Engineer 02,Customer 006,C006-P2,2025-04-25,6.0
TE-100499,Engineer 02,Customer 006,C006-P2,2025-09-28,2.0
TE-100500,Engineer 02,Customer 006,C006-P2,2025-05-13,1.0
TE-100501,Engineer 02,Customer 035,C035-P1,2025-06-22,1.0
TE-100502,Engineer 02,Customer 033,C033-P1,2025-01-08,8.0
TE-100503,Engineer 02,Customer 033,C033-P1,2025-11-12,8.0
TE-100504,Engineer 02,Customer 033,C033-P1,2025-09-12,1.5
TE-100505,Engineer 02,Customer 033,C033-P1,2025-01-29,1.5
TE-100506,Engineer 02,Customer 033,C033-P1,2025-04-07,6.0
TE-100507,Engineer 02,Customer 033,C033-P1,2025-02-16,8.0
TE-100508,Engineer 02,Customer 035,C035-P2,2025-01-27,1.5
TE-100509,Engineer 02,Customer 006,C006-P1,2025-05-03,1.5
TE-100510,Engineer 02,Customer 006,C006-P2,2025-03-15,3.0
TE-100511,Engineer 02,Customer 006,C006-P2,2025-01-10,6.0
TE-100512,Engineer 02,Customer 035,C035-P2,2025-08-27,8.0
TE-100513,Engineer 02,Customer 035,C035-P2,2025-03-09,4.0
TE-100514,Engineer 02,Customer 006,C006-P1,2025-12-07,1.0
TE-100515,Engineer 02,Customer 033,C033-P1,2025-12-25,3.0
TE-100516,Engineer 02,Customer 006,C006-P2,2025-07-27,1.0
TE-100517,Engineer 02,Customer 033,C033-P1,2025-08-22,2.0
TE-100518,Engineer 02,Customer 006,C006-P2,2025-03-03,6.0
TE-100519,Engineer 02,Customer 022,C022-P1,2025-07-08,6.0
TE-100520,Engineer 02,Customer 035,C035-P1,2025-07-29,1.5
TE-100521,Engineer 02,Customer 035,C035-P1,2025-11-24,4.0
TE-100522,Engineer 02,Customer 006,C006-P2,2025-02-07,1.5
TE-100523,Engineer 02,Customer 029,C029-P2,2025-09-09,1.0
TE-100524,Engineer 02,Customer 033,C033-P1,2025-04-15,1.5
TE-100525,Engineer 02,Customer 035,C035-P2,2025-06-26,6.0
TE-100526,Engineer 02,Customer 006,C006-P1,2025-02-26,1.5
TE-100527,Engineer 02,Customer 033,C033-P1,2025-04-07,1.5
TE-100528,Engineer 02,Customer 033,C033-P1,2025-02-12,4.0
TE-100529,Engineer 02,Customer 006,C006-P2,2025-07-30,1.5
TE-100530,Engineer 02,Customer 035,C035-P2,2025-09-01,6.0
TE-100531,Engineer 02,Customer 033,C033-P1,2025-06-06,1.0
TE-100532,Engineer 02,Customer 033,C033-P1,2025-05-29,6.0
TE-100533,Engineer 02,Customer 033,C033-P1,2025-11-29,3.0
TE-100534,Engineer 02,Customer 006,C006-P1,2025-08-11,6.0
TE-100535,Engineer 02,Customer 035,C035-P2,2025-10-03,6.0
TE-100536,Engineer 02,Customer 024,C024-P1,2025-02-11,3.0
TE-100537,Engineer 02,Customer 006,C006-P2,2025-04-26,1.0
TE-100538,Engineer 02,Customer 033,C033-P1,2025-10-14,1.0
TE-100539,Engineer 02,Customer 006,C006-P2,2025-02-01,3.0
TE-100540,Engineer 02,Customer 006,C006-P2,2025-06-20,1.0
TE-100541,Engineer 02,Customer 035,C035-P1,2025-07-21,8.0
TE-100542,Engineer 02,Customer 006,C006-P2,2025-05-19,1.0
TE-100543,Engineer 02,Customer 006,C006-P2,2025-04-13,4.0
TE-100544,Engineer 02,Customer 035,C035-P1,2025-05-20,1.0
TE-100545,Engineer 02,Customer 033,C033-P1,2025-04-22,1.0
TE-100546,Engineer 02,Customer 033,C033-P1,2025-10-01,1.5
TE-100547,Engineer 02,Customer 006,C006-P2,2025-03-21,1.5
TE-100548,Engineer 02,Customer 006,C006-P2,2025-03-01,0.5
TE-100549,Engineer 02,Customer 033,C033-P1,2025-03-30,3.0
TE-100550,Engineer 02,Customer 006,C006-P2,2025-11-23,0.5
TE-100551,Engineer 02,Customer 035,C035-P1,2025-05-30,1.5
TE-100552,Engineer 02,Customer 006,C006-P1,2025-11-27,3.0
TE-100553,Engineer 02,Customer 033,C033-P1,2025-10-10,8.0
TE-100554,Engineer 02,Customer 033,C033-P1,2025-09-16,2.0
TE-100555,Engineer 02,Customer 006,C006-P1,2025-05-29,4.0
TE-100556,Engineer 02,Customer 035,C035-P1,2025-05-07,8.0
TE-100557,Engineer 02,Customer 006,C006-P1,2025-09-27,1.0
TE-100558,Engineer 02,Customer 006,C006-P2,2025-03-12,0.5
TE-100559,Engineer 02,Customer 033,C033-P1,2025-04-17,1.0
TE-100560,Engineer 02,Customer 035,C035-P1,2025-02-09,3.0
TE-100561,Engineer 02,Customer 013,C013-P2,2025-05-04,3.0
TE-100562,Engineer 02,Customer 017,C017-P2,2025-02-12,2.0
TE-100563,Engineer 02,Customer 035,C035-P2,2025-02-16,4.0
TE-100564,Engineer 02,Customer 033,C033-P1,2025-05-25,3.0
TE-100565,Engineer 02,Customer 006,C006-P2,2025-10-07,2.0
TE-100566,Engineer 02,Customer 035,C035-P2,2025-08-30,0.5
TE-100567,Engineer 02,Customer 035,C035-P2,2025-06-29,0.5
TE-100568,Engineer 02,Customer 033,C033-P1,2025-03-23,1.5
TE-100569,Engineer 02,Customer 033,C033-P1,2025-01-26,1.0
TE-100570,Engineer 02,Customer 040,C040-P1,2025-09-02,6.0
TE-100571,Engineer 02,Customer 006,C006-P1,2025-11-19,2.0
TE-100572,Engineer 02,Customer 006,C006-P1,2025-03-08,6.0
TE-100573,Engineer 02,Customer 033,C033-P1,2025-06-30,1.0
TE-100574,Engineer 02,Customer 033,C033-P1,2025-04-17,6.0
TE-100575,Engineer 02,Customer 021,C021-P2,2025-10-13,8.0
TE-100576,Engineer 02,Customer 035,C035-P2,2025-01-13,2.0
TE-100577,Engineer 02,Customer 006,C006-P1,2025-10-26,6.0
TE-100578,Engineer 02,Customer 033,C033-P1,2025-09-05,2.0
TE-100579,Engineer 02,Customer 006,C006-P1,2025-12-11,6.0
TE-100580,Engineer 02,Customer 035,C035-P1,2025-09-23,0.5
TE-100581,Engineer 02,Customer 035,C035-P2,2025-02-23,2.0
TE-100582,Engineer 02,Customer 006,C006-P2,2025-10-29,1.5
TE-100583,Engineer 02,Customer 033,C033-P1,2025-02-11,4.0
TE-100584,Engineer 02,Customer 033,C033-P1,2025-08-26,2.0
TE-100585,Engineer 02,Customer 006,C006-P1,2025-01-01,6.0
TE-100586,Engineer 02,Customer 006,C006-P2,2025-05-19,4.0
TE-100587,Engineer 02,Customer 035,C035-P2,2025-05-28,1.0
TE-100588,Engineer 02,Customer 006,C006-P1,2025-11-27,3.0
TE-100589,Engineer 02,Customer 033,C033-P1,2025-10-05,3.0
TE-100590,Engineer 02,Customer 006,C006-P2,2025-10-29,1.0
TE-100591,Engineer 02,Customer 033,C033-P1,2025-07-13,0.5
TE-100592,Engineer 02,Customer 006,C006-P2,2025-09-19,4.0
TE-100593,Engineer 02,Customer 006,C006-P2,2025-03-17,1.0
TE-100594,Engineer 02,Customer 035,C035-P1,2025-02-15,0.5
TE-100595,Engineer 02,Customer 033,C033-P1,2025-06-29,6.0
TE-100596,Engineer 02,Customer 033,C033-P1,2025-04-12,3.0
TE-100597,Engineer 02,Customer 006,C006-P2,2025-03-26,4.0
TE-100598,Engineer 02,Customer 033,C033-P1,2025-07-31,4.0
TE-100599,Engineer 02,Customer 035,C035-P1,2025-08-07,1.0
TE-100600,Engineer 02,Customer 006,C006-P2,2025-09-15,4.0
TE-100601,Engineer 02,Customer 035,C035-P1,2025-05-15,8.0
TE-100602,Engineer 02,Customer 035,C035-P2,2025-05-10,3.0
TE-100603,Engineer 02,Customer 006,C006-P2,2025-10-20,1.5
TE-100604,Engineer 02,Customer 006,C006-P2,2025-07-27,0.5
TE-100605,Engineer 02,Customer 006,C006-P2,2025-09-15,2.0
TE-100606,Engineer 02,Customer 035,C035-P1,2025-06-23,0.5
TE-100607,Engineer 02,Customer 035,C035-P1,2025-11-09,0.5
TE-100608,Engineer 02,Customer 033,C033-P1,2025-05-12,2.0
TE-100609,Engineer 02,Customer 035,C035-P2,2025-03-04,3.0
TE-100610,Engineer 02,Customer 033,C033-P1,2025-11-06,4.0
TE-100611,Engineer 02,Customer 006,C006-P1,2025-05-02,6.0
TE-100612,Engineer 02,Customer 033,C033-P1,2025-03-05,2.0
TE-100613,Engineer 02,Customer 033,C033-P1,2025-04-03,3.0
TE-100614,Engineer 02,Customer 035,C035-P2,2025-12-23,4.0
TE-100615,Engineer 02,Customer 006,C006-P1,2025-07-18,1.0
TE-100616,Engineer 02,Customer 008,C008-P1,2025-05-25,3.0
TE-100617,Engineer 02,Customer 035,C035-P2,2025-07-25,0.5
TE-100618,Engineer 02,Customer 035,C035-P2,2025-12-15,1.0
TE-100619,Engineer 02,Customer 035,C035-P1,2025-02-27,3.0
TE-100620,Engineer 02,Customer 035,C035-P2,2025-12-14,8.0
TE-100621,Engineer 02,Customer 035,C035-P1,2025-09-22,0.5
TE-100622,Engineer 02,Customer 006,C006-P1,2025-07-14,6.0
TE-100623,Engineer 02,Customer 006,C006-P2,2025-09-28,8.0
TE-100624,Engineer 02,Customer 033,C033-P1,2025-01-31,0.5
TE-100625,Engineer 02,Customer 035,C035-P1,2025-01-20,1.5
TE-100626,Engineer 02,Customer 006,C006-P2,2025-11-08,8.0
TE-100627,Engineer 02,Customer 033,C033-P1,2025-10-04,6.0
TE-100628,Engineer 02,Customer 035,C035-P1,2025-06-29,2.0
TE-100629,Engineer 02,Customer 006,C006-P1,2025-02-09,3.0
TE-100630,Engineer 02,Customer 033,C033-P1,2025-01-09,1.0
TE-100631,Engineer 02,Customer 033,C033-P1,2025-10-06,1.0
TE-100632,Engineer 02,Customer 035,C035-P2,2025-12-07,0.5
TE-100633,Engineer 02,Customer 035,C035-P2,2025-08-08,0.5
TE-100634,Engineer 02,Customer 006,C006-P2,2025-10-11,0.5
TE-100635,Engineer 02,Customer 035,C035-P2,2025-04-22,3.0
TE-100636,Engineer 02,Customer 035,C035-P2,2025-03-08,1.5
TE-100637,Engineer 02,Customer 006,C006-P2,2025-02-28,1.5
TE-100638,Engineer 02,Customer 035,C035-P2,2025-10-03,2.0
TE-100639,Engineer 02,Customer 033,C033-P1,2025-08-30,4.0
TE-100640,Engineer 02,Customer 033,C033-P1,2025-04-22,6.0
TE-100641,Engineer 02,Customer 035,C035-P1,2025-12-10,3.0
TE-100642,Engineer 02,Customer 033,C033-P1,2025-07-25,4.0
TE-100643,Engineer 02,Customer 006,C006-P2,2025-06-22,6.0
TE-100644,Engineer 02,Customer 006,C006-P1,2025-07-26,2.0
TE-100645,Engineer 02,Customer 006,C006-P2,2025-05-20,4.0
TE-100646,Engineer 02,Customer 035,C035-P1,2025-04-01,3.0
TE-100647,Engineer 02,Customer 006,C006-P2,2025-05-14,8.0
TE-100648,Engineer 02,Customer 033,C033-P1,2025-07-22,8.0
TE-100649,Engineer 02,Customer 033,C033-P1,2025-06-21,0.5
TE-100650,Engineer 02,Customer 035,C035-P2,2025-03-25,0.5
TE-100651,Engineer 02,Customer 035,C035-P2,2025-09-09,0.5
TE-100652,Engineer 02,Customer 033,C033-P1,2025-06-05,2.0
TE-100653,Engineer 02,Customer 035,C035-P1,2025-05-07,3.0
TE-100654,Engineer 02,Customer 033,C033-P1,2025-05-05,2.0
TE-100655,Engineer 02,Customer 006,C006-P2,2025-08-07,8.0
TE-100656,Engineer 02,Customer 035,C035-P1,2025-11-14,1.5
TE-100657,Engineer 02,Customer 033,C033-P1,2025-05-26,4.0
TE-100658,Engineer 02,Customer 006,C006-P2,2025-07-12,1.0
TE-100659,Engineer 02,Customer 033,C033-P1,2025-07-16,4.0
TE-100660,Engineer 02,Customer 035,C035-P1,2025-05-10,1.0
TE-100661,Engineer 02,Customer 033,C033-P1,2025-04-03,1.5
TE-100662,Engineer 02,Customer 035,C035-P2,2025-05-03,1.0
TE-100663,Engineer 02,Customer 006,C006-P1,2025-12-11,2.0
TE-100664,Engineer 02,Customer 035,C035-P2,2025-06-12,0.5
TE-100665,Engineer 02,Customer 033,C033-P1,2025-07-13,4.0
TE-100666,Engineer 02,Customer 033,C033-P1,2025-12-20,8.0
TE-100667,Engineer 02,Customer 035,C035-P2,2025-07-01,6.0
TE-100668,Engineer 02,Customer 033,C033-P1,2025-06-05,0.5
TE-100669,Engineer 02,Customer 033,C033-P1,2025-01-26,1.0
TE-100670,Engineer 02,Customer 006,C006-P1,2025-08-04,8.0
TE-100671,Engineer 02,Customer 033,C033-P1,2025-08-22,1.5
TE-100672,Engineer 02,Customer 033,C033-P1,2025-03-03,4.0
TE-100673,Engineer 02,Customer 035,C035-P1,2025-09-02,6.0
TE-100674,Engineer 02,Customer 033,C033-P1,2025-01-21,3.0
TE-100675,Engineer 02,Customer 035,C035-P2,2025-11-05,6.0
TE-100676,Engineer 02,Customer 033,C033-P1,2025-09-28,4.0
TE-100677,Engineer 02,Customer 035,C035-P2,2025-08-07,1.5
TE-100678,Engineer 02,Customer 006,C006-P1,2025-03-05,2.0
TE-100679,Engineer 02,Customer 035,C035-P1,2025-09-12,3.0
TE-100680,Engineer 02,Customer 006,C006-P2,2025-02-22,0.5
TE-100681,Engineer 02,Customer 035,C035-P2,2025-04-09,1.5
TE-100682,Engineer 02,Customer 006,C006-P2,2025-06-23,1.0
TE-100683,Engineer 02,Customer 033,C033-P1,2025-05-27,1.0
TE-100684,Engineer 02,Customer 006,C006-P2,2025-05-17,1.0
TE-100685,Engineer 02,Customer 035,C035-P2,2025-02-01,8.0
TE-100686,Engineer 02,Customer 033,C033-P1,2025-06-03,1.5
TE-100687,Engineer 02,Customer 033,C033-P1,2025-07-04,2.0
TE-100688,Engineer 02,Customer 006,C006-P1,2025-11-12,2.0
TE-100689,Engineer 02,Customer 035,C035-P1,2025-01-09,2.0
TE-100690,Engineer 02,Customer 035,C035-P1,2025-08-18,4.0
TE-100691,Engineer 02,Customer 033,C033-P1,2025-07-25,4.0
TE-100692,Engineer 02,Customer 035,C035-P1,2025-12-03,4.0
TE-100693,Engineer 02,Customer 033,C033-P1,2025-07-06,1.5
TE-100694,Engineer 02,Customer 035,C035-P2,2025-11-09,6.0
TE-100695,Engineer 02,Customer 035,C035-P2,2025-09-04,3.0
TE-100696,Engineer 02,Customer 033,C033-P1,2025-08-25,0.5
TE-100697,Engineer 02,Customer 035,C035-P2,2025-08-23,1.0
TE-100698,Engineer 02,Customer 033,C033-P1,2025-04-12,2.0
TE-100699,Engineer 02,Customer 006,C006-P1,2025-05-31,2.0
TE-100700,Engineer 02,Customer 035,C035-P2,2025-10-04,8.0
TE-100701,Engineer 03,Customer 034,C034-P1,2025-03-29,1.5
TE-100702,Engineer 03,Customer 034,C034-P1,2025-07-08,6.0
TE-100703,Engineer 03,Customer 023,C023-P2,2025-01-02,4.0
TE-100704,Engineer 03,Customer 029,C029-P2,2025-04-10,4.0
TE-100705,Engineer 03,Customer 029,C029-P2,2025-02-28,4.0
TE-100706,Engineer 03,Customer 023,C023-P1,2025-01-30,1.0
TE-100707,Engineer 03,Customer 029,C029-P1,2025-08-12,6.0
TE-100708,Engineer 03,Customer 023,C023-P2,2025-11-24,1.5
TE-100709,Engineer 03,Customer 023,C023-P1,2025-02-01,1.0
TE-100710,Engineer 03,Customer 029,C029-P3,2025-08-01,1.5
TE-100711,Engineer 03,Customer 029,C029-P2,2025-06-17,1.5
TE-100712,Engineer 03,Customer 034,C034-P1,2025-07-23,0.5
TE-100713,Engineer 03,Customer 034,C034-P1,2025-08-25,8.0
TE-100714,Engineer 03,Customer 034,C034-P1,2025-12-22,6.0
TE-100715,Engineer 03,Customer 029,C029-P1,2025-11-06,3.0
TE-100716,Engineer 03,Customer 034,C034-P1,2025-01-20,1.5
TE-100717,Engineer 03,Customer 034,C034-P1,2025-11-19,8.0
TE-100718,Engineer 03,Customer 034,C034-P1,2025-04-15,0.5
TE-100719,Engineer 03,Customer 023,C023-P1,2025-05-01,3.0
TE-100720,Engineer 03,Customer 029,C029-P3,2025-03-31,0.5
TE-100721,Engineer 03,Customer 023,C023-P1,2025-08-14,4.0
TE-100722,Engineer 03,Customer 029,C029-P3,2025-10-20,6.0
TE-100723,Engineer 03,Customer 011,C011-P1,2025-10-04,1.0
TE-100724,Engineer 03,Customer 029,C029-P2,2025-06-27,1.0
TE-100725,Engineer 03,Customer 023,C023-P1,2025-08-11,4.0
TE-100726,Engineer 03,Customer 029,C029-P2,2025-08-03,8.0
TE-100727,Engineer 03,Customer 034,C034-P1,2025-07-06,1.5
TE-100728,Engineer 03,Customer 023,C023-P2,2025-05-10,1.0
TE-100729,Engineer 03,Customer 029,C029-P1,2025-03-25,8.0
TE-100730,Engineer 03,Customer 023,C023-P2,2025-08-19,6.0
TE-100731,Engineer 03,Customer 034,C034-P1,2025-07-10,2.0
TE-100732,Engineer 03,Customer 029,C029-P3,2025-11-07,8.0
TE-100733,Engineer 03,Customer 034,C034-P1,2025-07-18,0.5
TE-100734,Engineer 03,Customer 034,C034-P1,2025-07-03,1.5
TE-100735,Engineer 03,Customer 029,C029-P3,2025-08-15,1.5
TE-100736,Engineer 03,Customer 034,C034-P1,2025-10-21,8.0
TE-100737,Engineer 03,Customer 023,C023-P1,2025-02-20,0.5
TE-100738,Engineer 03,Customer 023,C023-P2,2025-10-09,1.0
TE-100739,Engineer 03,Customer 034,C034-P1,2025-08-08,8.0
TE-100740,Engineer 03,Customer 029,C029-P1,2025-05-27,4.0
TE-100741,Engineer 03,Customer 034,C034-P1,2025-08-16,4.0
TE-100742,Engineer 03,Customer 023,C023-P2,2025-02-03,0.5
TE-100743,Engineer 03,Customer 029,C029-P1,2025-12-21,3.0
TE-100744,Engineer 03,Customer 029,C029-P2,2025-12-19,8.0
TE-100745,Engineer 03,Customer 023,C023-P2,2025-08-27,1.0
TE-100746,Engineer 03,Customer 034,C034-P1,2025-03-13,4.0
TE-100747,Engineer 03,Customer 023,C023-P1,2025-10-28,1.0
TE-100748,Engineer 03,Customer 029,C029-P3,2025-07-13,2.0
TE-100749,Engineer 03,Customer 023,C023-P2,2025-01-11,0.5
TE-100750,Engineer 03,Customer 034,C034-P1,2025-09-26,0.5
TE-100751,Engineer 03,Customer 034,C034-P1,2025-03-04,6.0
TE-100752,Engineer 03,Customer 034,C034-P1,2025-01-29,8.0
TE-100753,Engineer 03,Customer 034,C034-P1,2025-07-31,8.0
TE-100754,Engineer 03,Customer 023,C023-P2,2025-12-18,3.0
TE-100755,Engineer 03,Customer 034,C034-P1,2025-08-07,2.0
TE-100756,Engineer 03,Customer 034,C034-P1,2025-10-15,6.0
TE-100757,Engineer 03,Customer 023,C023-P2,2025-01-17,4.0
TE-100758,Engineer 03,Customer 023,C023-P2,2025-04-03,1.0
TE-100759,Engineer 03,Customer 016,C016-P2,2025-04-09,3.0
TE-100760,Engineer 03,Customer 034,C034-P1,2025-10-23,8.0
TE-100761,Engineer 03,Customer 023,C023-P2,2025-08-10,4.0
TE-100762,Engineer 03,Customer 023,C023-P1,2025-05-18,1.0
TE-100763,Engineer 03,Customer 029,C029-P3,2025-03-07,6.0
TE-100764,Engineer 03,Customer 023,C023-P2,2025-11-25,1.5
TE-100765,Engineer 03,Customer 023,C023-P2,2025-02-28,4.0
TE-100766,Engineer 03,Customer 008,C008-P1,2025-03-25,1.5
TE-100767,Engineer 03,Customer 023,C023-P2,2025-01-14,1.0
TE-100768,Engineer 03,Customer 023,C023-P2,2025-02-25,8.0
TE-100769,Engineer 03,Customer 023,C023-P1,2025-12-05,1.5
TE-100770,Engineer 03,Customer 023,C023-P1,2025-02-20,1.0
TE-100771,Engineer 03,Customer 023,C023-P1,2025-01-19,4.0
TE-100772,Engineer 03,Customer 023,C023-P1,2025-02-01,1.5
TE-100773,Engineer 03,Customer 029,C029-P1,2025-08-04,1.5
TE-100774,Engineer 03,Customer 023,C023-P1,2025-12-23,4.0
TE-100775,Engineer 03,Customer 034,C034-P1,2025-02-03,2.0
TE-100776,Engineer 03,Customer 034,C034-P1,2025-11-30,0.5
TE-100777,Engineer 03,Customer 034,C034-P1,2025-11-07,0.5
TE-100778,Engineer 03,Customer 034,C034-P1,2025-04-16,1.5
TE-100779,Engineer 03,Customer 029,C029-P1,2025-02-24,8.0
TE-100780,Engineer 03,Customer 034,C034-P1,2025-07-23,0.5
TE-100781,Engineer 03,Customer 029,C029-P3,2025-07-02,6.0
TE-100782,Engineer 03,Customer 023,C023-P1,2025-12-24,0.5
TE-100783,Engineer 03,Customer 023,C023-P2,2025-07-29,0.5
TE-100784,Engineer 03,Customer 029,C029-P2,2025-02-25,3.0
TE-100785,Engineer 03,Customer 029,C029-P2,2025-08-19,3.0
TE-100786,Engineer 03,Customer 023,C023-P2,2025-10-29,0.5
TE-100787,Engineer 03,Customer 029,C029-P1,2025-10-29,3.0
TE-100788,Engineer 03,Customer 034,C034-P1,2025-11-27,0.5
TE-100789,Engineer 03,Customer 034,C034-P1,2025-08-18,4.0
TE-100790,Engineer 03,Customer 034,C034-P1,2025-10-21,3.0
TE-100791,Engineer 03,Customer 034,C034-P1,2025-11-12,0.5
TE-100792,Engineer 03,Customer 023,C023-P1,2025-12-07,8.0
TE-100793,Engineer 03,Customer 034,C034-P1,2025-02-21,8.0
TE-100794,Engineer 03,Customer 034,C034-P1,2025-10-22,6.0
TE-100795,Engineer 03,Customer 034,C034-P1,2025-12-26,2.0
TE-100796,Engineer 03,Customer 029,C029-P2,2025-07-27,2.0
TE-100797,Engineer 03,Customer 034,C034-P1,2025-08-22,1.5
TE-100798,Engineer 03,Customer 034,C034-P1,2025-02-24,6.0
TE-100799,Engineer 03,Customer 023,C023-P1,2025-08-13,2.0
TE-100800,Engineer 03,Customer 023,C023-P2,2025-03-05,1.5
TE-100801,Engineer 03,Customer 023,C023-P1,2025-04-21,4.0
TE-100802,Engineer 03,Customer 034,C034-P1,2025-02-06,3.0
TE-100803,Engineer 03,Customer 023,C023-P2,2025-12-16,1.5
TE-100804,Engineer 03,Customer 034,C034-P1,2025-06-28,8.0
TE-100805,Engineer 03,Customer 029,C029-P3,2025-01-14,1.5
TE-100806,Engineer 03,Customer 034,C034-P1,2025-12-25,1.0
TE-100807,Engineer 03,Customer 023,C023-P2,2025-03-16,8.0
TE-100808,Engineer 03,Customer 029,C029-P1,2025-03-28,3.0
TE-100809,Engineer 03,Customer 023,C023-P1,2025-10-29,6.0
TE-100810,Engineer 03,Customer 023,C023-P2,2025-11-25,2.0
TE-100811,Engineer 03,Customer 010,C010-P3,2025-06-24,6.0
TE-100812,Engineer 03,Customer 023,C023-P1,2025-09-08,1.0
TE-100813,Engineer 03,Customer 029,C029-P1,2025-11-07,4.0
TE-100814,Engineer 03,Customer 023,C023-P2,2025-11-25,8.0
TE-100815,Engineer 03,Customer 023,C023-P2,2025-08-04,1.5
TE-100816,Engineer 03,Customer 034,C034-P1,2025-09-13,0.5
TE-100817,Engineer 03,Customer 029,C029-P3,2025-09-03,4.0
TE-100818,Engineer 03,Customer 023,C023-P1,2025-03-06,0.5
TE-100819,Engineer 03,Customer 029,C029-P1,2025-02-20,1.5
TE-100820,Engineer 03,Customer 034,C034-P1,2025-03-07,1.0
TE-100821,Engineer 03,Customer 029,C029-P2,2025-10-24,8.0
TE-100822,Engineer 03,Customer 029,C029-P2,2025-12-04,8.0
TE-100823,Engineer 03,Customer 029,C029-P3,2025-12-17,4.0
TE-100824,Engineer 03,Customer 023,C023-P1,2025-02-14,1.5
TE-100825,Engineer 03,Customer 034,C034-P1,2025-03-27,3.0
TE-100826,Engineer 03,Customer 034,C034-P1,2025-01-07,3.0
TE-100827,Engineer 03,Customer 034,C034-P1,2025-03-05,4.0
TE-100828,Engineer 03,Customer 023,C023-P1,2025-02-15,1.5
TE-100829,Engineer 03,Customer 029,C029-P3,2025-05-10,1.0
TE-100830,Engineer 03,Customer 033,C033-P1,2025-01-16,3.0
TE-100831,Engineer 03,Customer 034,C034-P1,2025-12-01,6.0
TE-100832,Engineer 03,Customer 029,C029-P3,2025-05-21,8.0
TE-100833,Engineer 03,Customer 023,C023-P1,2025-01-25,2.0
TE-100834,Engineer 03,Customer 029,C029-P1,2025-02-12,0.5
TE-100835,Engineer 03,Customer 023,C023-P2,2025-02-26,8.0
TE-100836,Engineer 03,Customer 023,C023-P1,2025-01-10,6.0
TE-100837,Engineer 03,Customer 035,C035-P1,2025-12-04,8.0
TE-100838,Engineer 03,Customer 034,C034-P1,2025-02-23,1.0
TE-100839,Engineer 03,Customer 023,C023-P2,2025-05-27,6.0
TE-100840,Engineer 03,Customer 023,C023-P1,2025-04-30,4.0
TE-100841,Engineer 03,Customer 023,C023-P1,2025-07-08,6.0
TE-100842,Engineer 03,Customer 023,C023-P2,2025-08-08,1.0
TE-100843,Engineer 03,Customer 023,C023-P1,2025-02-10,8.0
TE-100844,Engineer 03,Customer 029,C029-P2,2025-01-05,2.0
TE-100845,Engineer 03,Customer 029,C029-P3,2025-07-02,1.5
TE-100846,Engineer 03,Customer 023,C023-P2,2025-06-25,6.0
TE-100847,Engineer 03,Customer 023,C023-P2,2025-01-26,4.0
TE-100848,Engineer 03,Customer 027,C027-P2,2025-01-28,8.0
TE-100849,Engineer 03,Customer 029,C029-P2,2025-08-24,3.0
TE-100850,Engineer 03,Customer 034,C034-P1,2025-03-17,2.0
TE-100851,Engineer 03,Customer 034,C034-P1,2025-04-10,1.0
TE-100852,Engineer 03,Customer 034,C034-P1,2025-02-24,0.5
TE-100853,Engineer 03,Customer 006,C006-P2,2025-11-15,8.0
TE-100854,Engineer 03,Customer 023,C023-P2,2025-07-18,1.0
TE-100855,Engineer 03,Customer 023,C023-P1,2025-07-16,2.0
TE-100856,Engineer 03,Customer 034,C034-P1,2025-06-17,4.0
TE-100857,Engineer 03,Customer 034,C034-P1,2025-08-22,1.5
TE-100858,Engineer 03,Customer 029,C029-P3,2025-12-24,4.0
TE-100859,Engineer 03,Customer 023,C023-P2,2025-08-02,6.0
TE-100860,Engineer 03,Customer 023,C023-P2,2025-06-26,3.0
TE-100861,Engineer 03,Customer 029,C029-P1,2025-11-12,2.0
TE-100862,Engineer 03,Customer 029,C029-P1,2025-01-08,4.0
TE-100863,Engineer 03,Customer 029,C029-P3,2025-01-08,4.0
TE-100864,Engineer 03,Customer 034,C034-P1,2025-01-27,2.0
TE-100865,Engineer 03,Customer 023,C023-P1,2025-09-15,6.0
TE-100866,Engineer 03,Customer 029,C029-P3,2025-09-21,1.5
TE-100867,Engineer 03,Customer 034,C034-P1,2025-04-09,8.0
TE-100868,Engineer 03,Customer 034,C034-P1,2025-10-20,1.0
TE-100869,Engineer 03,Customer 023,C023-P2,2025-07-22,0.5
TE-100870,Engineer 03,Customer 034,C034-P1,2025-02-07,6.0
TE-100871,Engineer 03,Customer 034,C034-P1,2025-10-27,1.0
TE-100872,Engineer 03,Customer 002,C002-P1,2025-12-24,8.0
TE-100873,Engineer 03,Customer 023,C023-P2,2025-12-05,1.0
TE-100874,Engineer 03,Customer 029,C029-P1,2025-06-06,4.0
TE-100875,Engineer 03,Customer 029,C029-P3,2025-02-08,0.5
TE-100876,Engineer 03,Customer 034,C034-P1,2025-07-21,8.0
TE-100877,Engineer 03,Customer 034,C034-P1,2025-09-20,3.0
TE-100878,Engineer 03,Customer 023,C023-P1,2025-01-23,4.0
TE-100879,Engineer 03,Customer 023,C023-P1,2025-05-07,3.0
TE-100880,Engineer 03,Customer 023,C023-P2,2025-07-06,0.5
TE-100881,Engineer 03,Customer 025,C025-P2,2025-07-26,6.0
TE-100882,Engineer 03,Customer 023,C023-P2,2025-04-21,2.0
TE-100883,Engineer 03,Customer 034,C034-P1,2025-04-14,1.0
TE-100884,Engineer 03,Customer 034,C034-P1,2025-09-16,4.0
TE-100885,Engineer 03,Customer 023,C023-P2,2025-08-28,3.0
TE-100886,Engineer 03,Customer 029,C029-P3,2025-05-21,1.5
TE-100887,Engineer 03,Customer 029,C029-P3,2025-06-13,1.5
TE-100888,Engineer 03,Customer 034,C034-P1,2025-08-22,1.5
TE-100889,Engineer 03,Customer 029,C029-P3,2025-09-24,0.5
TE-100890,Engineer 03,Customer 023,C023-P2,2025-07-24,1.5
TE-100891,Engineer 03,Customer 023,C023-P2,2025-09-04,1.0
TE-100892,Engineer 03,Customer 029,C029-P3,2025-07-08,6.0
TE-100893,Engineer 03,Customer 023,C023-P2,2025-04-14,3.0
TE-100894,Engineer 03,Customer 023,C023-P2,2025-08-02,4.0
TE-100895,Engineer 03,Customer 034,C034-P1,2025-03-14,8.0
TE-100896,Engineer 03,Customer 029,C029-P3,2025-10-03,8.0
TE-100897,Engineer 03,Customer 023,C023-P2,2025-06-19,8.0
TE-100898,Engineer 03,Customer 034,C034-P1,2025-12-05,1.0
TE-100899,Engineer 03,Customer 029,C029-P3,2025-10-20,1.5
TE-100900,Engineer 03,Customer 007,C007-P1,2025-01-18,1.0
TE-100901,Engineer 03,Customer 029,C029-P1,2025-07-14,3.0
TE-100902,Engineer 03,Customer 023,C023-P2,2025-04-09,1.0
TE-100903,Engineer 03,Customer 029,C029-P3,2025-01-24,1.5
TE-100904,Engineer 03,Customer 029,C029-P1,2025-10-08,8.0
TE-100905,Engineer 03,Customer 029,C029-P1,2025-11-15,4.0
TE-100906,Engineer 03,Customer 023,C023-P2,2025-12-14,4.0
TE-100907,Engineer 03,Customer 023,C023-P2,2025-04-29,2.0
TE-100908,Engineer 03,Customer 037,C037-P1,2025-06-13,2.0
TE-100909,Engineer 03,Customer 023,C023-P2,2025-10-30,4.0
TE-100910,Engineer 03,Customer 034,C034-P1,2025-10-03,8.0
TE-100911,Engineer 03,Customer 029,C029-P2,2025-02-26,8.0
TE-100912,Engineer 03,Customer 029,C029-P2,2025-11-14,6.0
TE-100913,Engineer 03,Customer 034,C034-P1,2025-08-21,2.0
TE-100914,Engineer 03,Customer 034,C034-P1,2025-01-21,1.5
TE-100915,Engineer 03,Customer 034,C034-P1,2025-06-27,6.0
TE-100916,Engineer 03,Customer 029,C029-P1,2025-11-05,6.0
TE-100917,Engineer 03,Customer 023,C023-P1,2025-04-07,6.0
TE-100918,Engineer 03,Customer 023,C023-P1,2025-03-10,1.0
TE-100919,Engineer 03,Customer 023,C023-P1,2025-03-14,0.5
TE-100920,Engineer 03,Customer 023,C023-P2,2025-06-03,8.0
TE-100921,Engineer 03,Customer 034,C034-P1,2025-02-24,2.0
TE-100922,Engineer 03,Customer 029,C029-P2,2025-12-24,6.0
TE-100923,Engineer 03,Customer 023,C023-P2,2025-04-29,6.0
TE-100924,Engineer 03,Customer 034,C034-P1,2025-08-26,1.5
TE-100925,Engineer 03,Customer 029,C029-P1,2025-12-16,3.0
TE-100926,Engineer 03,Customer 034,C034-P1,2025-06-05,3.0
TE-100927,Engineer 03,Customer 034,C034-P1,2025-10-09,1.5
TE-100928,Engineer 03,Customer 023,C023-P1,2025-10-09,8.0
TE-100929,Engineer 03,Customer 029,C029-P2,2025-01-20,0.5
TE-100930,Engineer 03,Customer 029,C029-P1,2025-02-23,6.0
TE-100931,Engineer 03,Customer 034,C034-P1,2025-12-17,1.0
TE-100932,Engineer 03,Customer 029,C029-P1,2025-06-21,8.0
TE-100933,Engineer 03,Customer 023,C023-P2,2025-07-07,4.0
TE-100934,Engineer 03,Customer 034,C034-P1,2025-04-13,3.0
TE-100935,Engineer 03,Customer 023,C023-P2,2025-01-18,0.5
TE-100936,Engineer 03,Customer 029,C029-P1,2025-09-29,0.5
TE-100937,Engineer 03,Customer 034,C034-P1,2025-01-20,4.0
TE-100938,Engineer 03,Customer 023,C023-P1,2025-11-27,4.0
TE-100939,Engineer 03,Customer 029,C029-P2,2025-09-11,1.5
TE-100940,Engineer 03,Customer 023,C023-P2,2025-01-15,2.0
TE-100941,Engineer 03,Customer 034,C034-P1,2025-11-14,1.5
TE-100942,Engineer 03,Customer 029,C029-P3,2025-06-30,3.0
TE-100943,Engineer 03,Customer 034,C034-P1,2025-11-25,0.5
TE-100944,Engineer 03,Customer 029,C029-P2,2025-12-02,0.5
TE-100945,Engineer 03,Customer 034,C034-P1,2025-08-30,3.0
TE-100946,Engineer 03,Customer 029,C029-P3,2025-07-11,6.0
TE-100947,Engineer 03,Customer 029,C029-P1,2025-06-16,0.5
TE-100948,Engineer 03,Customer 023,C023-P2,2025-10-16,2.0
TE-100949,Engineer 03,Customer 023,C023-P1,2025-03-12,1.0
TE-100950,Engineer 03,Customer 034,C034-P1,2025-06-02,1.0
TE-100951,Engineer 03,Customer 029,C029-P3,2025-04-30,1.0
TE-100952,Engineer 03,Customer 023,C023-P1,2025-08-21,4.0
TE-100953,Engineer 03,Customer 034,C034-P1,2025-10-23,3.0
TE-100954,Engineer 03,Customer 029,C029-P1,2025-07-15,8.0
TE-100955,Engineer 03,Customer 034,C034-P1,2025-10-22,4.0
TE-100956,Engineer 03,Customer 029,C029-P3,2025-04-17,1.0
TE-100957,Engineer 03,Customer 023,C023-P1,2025-08-27,3.0
TE-100958,Engineer 03,Customer 034,C034-P1,2025-04-17,6.0
TE-100959,Engineer 03,Customer 029,C029-P1,2025-07-28,0.5
TE-100960,Engineer 03,Customer 023,C023-P2,2025-12-15,1.5
TE-100961,Engineer 03,Customer 023,C023-P2,2025-07-20,2.0
TE-100962,Engineer 03,Customer 029,C029-P2,2025-07-28,0.5
TE-100963,Engineer 03,Customer 023,C023-P2,2025-07-21,0.5
TE-100964,Engineer 03,Customer 029,C029-P1,2025-09-10,6.0
TE-100965,Engineer 03,Customer 029,C029-P1,2025-12-17,1.5
TE-100966,Engineer 03,Customer 023,C023-P2,2025-08-14,1.5
TE-100967,Engineer 03,Customer 029,C029-P2,2025-03-02,1.5
TE-100968,Engineer 03,Customer 023,C023-P1,2025-03-16,4.0
TE-100969,Engineer 03,Customer 034,C034-P1,2025-06-09,8.0
TE-100970,Engineer 03,Customer 023,C023-P2,2025-05-27,4.0
TE-100971,Engineer 03,Customer 034,C034-P1,2025-08-23,8.0
TE-100972,Engineer 03,Customer 029,C029-P3,2025-03-15,4.0
TE-100973,Engineer 03,Customer 029,C029-P3,2025-12-23,2.0
TE-100974,Engineer 03,Customer 023,C023-P2,2025-02-13,0.5
TE-100975,Engineer 03,Customer 034,C034-P1,2025-09-01,3.0
TE-100976,Engineer 03,Customer 012,C012-P1,2025-02-10,8.0
TE-100977,Engineer 03,Customer 034,C034-P1,2025-10-02,1.5
TE-100978,Engineer 03,Customer 034,C034-P1,2025-11-16,6.0
TE-100979,Engineer 03,Customer 034,C034-P1,2025-04-23,6.0
TE-100980,Engineer 03,Customer 034,C034-P1,2025-12-11,6.0
TE-100981,Engineer 03,Customer 023,C023-P1,2025-01-29,3.0
TE-100982,Engineer 03,Customer 023,C023-P2,2025-03-31,1.0
TE-100983,Engineer 03,Customer 034,C034-P1,2025-11-30,1.5
TE-100984,Engineer 03,Customer 023,C023-P1,2025-03-22,6.0
TE-100985,Engineer 03,Customer 023,C023-P2,2025-06-08,3.0
TE-100986,Engineer 03,Customer 034,C034-P1,2025-11-29,0.5
TE-100987,Engineer 03,Customer 023,C023-P1,2025-03-25,0.5
TE-100988,Engineer 03,Customer 029,C029-P1,2025-05-15,8.0
TE-100989,Engineer 03,Customer 034,C034-P1,2025-06-08,0.5
TE-100990,Engineer 03,Customer 029,C029-P1,2025-04-12,3.0
TE-100991,Engineer 03,Customer 023,C023-P1,2025-05-15,1.0
TE-100992,Engineer 03,Customer 023,C023-P1,2025-04-30,1.5
TE-100993,Engineer 03,Customer 023,C023-P1,2025-12-20,8.0
TE-100994,Engineer 03,Customer 011,C011-P2,2025-12-19,0.5
TE-100995,Engineer 03,Customer 029,C029-P2,2025-06-08,8.0
TE-100996,Engineer 03,Customer 040,C040-P1,2025-09-23,0.5
TE-100997,Engineer 03,Customer 029,C029-P1,2025-07-02,3.0
TE-100998,Engineer 03,Customer 023,C023-P1,2025-07-23,6.0
TE-100999,Engineer 03,Customer 023,C023-P1,2025-01-25,1.5
TE-101000,Engineer 03,Customer 034,C034-P1,2025-08-23,1.0
TE-101001,Engineer 03,Customer 029,C029-P2,2025-05-10,8.0
TE-101002,Engineer 03,Customer 034,C034-P1,2025-06-24,1.0
TE-101003,Engineer 03,Customer 034,C034-P1,2025-09-07,1.0
TE-101004,Engineer 03,Customer 023,C023-P1,2025-04-11,1.5
TE-101005,Engineer 03,Customer 023,C023-P1,2025-05-11,6.0
TE-101006,Engineer 03,Customer 023,C023-P1,2025-11-07,8.0
TE-101007,Engineer 03,Customer 029,C029-P1,2025-08-17,2.0
TE-101008,Engineer 03,Customer 029,C029-P2,2025-02-27,1.0
TE-101009,Engineer 03,Customer 023,C023-P2,2025-07-21,1.5
TE-101010,Engineer 03,Customer 034,C034-P1,2025-10-30,1.0
TE-101011,Engineer 03,Customer 023,C023-P2,2025-08-10,8.0
TE-101012,Engineer 03,Customer 023,C023-P2,2025-11-22,6.0
TE-101013,Engineer 03,Customer 034,C034-P1,2025-11-23,2.0
TE-101014,Engineer 03,Customer 029,C029-P2,2025-10-23,6.0
TE-101015,Engineer 03,Customer 034,C034-P1,2025-03-30,0.5
TE-101016,Engineer 03,Customer 029,C029-P1,2025-06-30,1.5
TE-101017,Engineer 03,Customer 029,C029-P2,2025-12-02,2.0
TE-101018,Engineer 03,Customer 034,C034-P1,2025-06-15,6.0
TE-101019,Engineer 03,Customer 023,C023-P1,2025-03-31,3.0
TE-101020,Engineer 03,Customer 023,C023-P2,2025-10-12,1.5
TE-101021,Engineer 03,Customer 023,C023-P2,2025-07-05,4.0
TE-101022,Engineer 03,Customer 029,C029-P1,2025-06-16,3.0
TE-101023,Engineer 03,Customer 023,C023-P1,2025-05-22,4.0
TE-101024,Engineer 03,Customer 029,C029-P1,2025-09-06,8.0
TE-101025,Engineer 03,Customer 023,C023-P1,2025-07-04,6.0
TE-101026,Engineer 03,Customer 029,C029-P2,2025-07-30,6.0
TE-101027,Engineer 03,Customer 029,C029-P1,2025-02-10,6.0
TE-101028,Engineer 03,Customer 029,C029-P2,2025-10-22,3.0
TE-101029,Engineer 03,Customer 034,C034-P1,2025-04-23,8.0
TE-101030,Engineer 03,Customer 023,C023-P2,2025-04-24,1.0
TE-101031,Engineer 03,Customer 034,C034-P1,2025-04-13,1.5
TE-101032,Engineer 03,Customer 029,C029-P3,2025-09-05,4.0
TE-101033,Engineer 03,Customer 029,C029-P3,2025-12-12,4.0
TE-101034,Engineer 03,Customer 029,C029-P2,2025-08-25,4.0
TE-101035,Engineer 03,Customer 040,C040-P1,2025-03-06,1.0
TE-101036,Engineer 03,Customer 023,C023-P2,2025-03-16,1.0
TE-101037,Engineer 03,Customer 029,C029-P3,2025-07-24,1.5
TE-101038,Engineer 03,Customer 034,C034-P1,2025-06-08,0.5
TE-101039,Engineer 03,Customer 023,C023-P2,2025-03-19,4.0
TE-101040,Engineer 03,Customer 023,C023-P2,2025-05-16,1.5
TE-101041,Engineer 03,Customer 029,C029-P2,2025-05-13,1.5
TE-101042,Engineer 03,Customer 023,C023-P2,2025-10-30,4.0
TE-101043,Engineer 03,Customer 034,C034-P1,2025-02-16,6.0
TE-101044,Engineer 03,Customer 029,C029-P2,2025-08-15,4.0
TE-101045,Engineer 03,Customer 023,C023-P1,2025-01-12,8.0
TE-101046,Engineer 03,Customer 034,C034-P1,2025-06-22,1.0
TE-101047,Engineer 03,Customer 029,C029-P1,2025-02-02,0.5
TE-101048,Engineer 03,Customer 029,C029-P1,2025-02-12,6.0
TE-101049,Engineer 03,Customer 029,C029-P1,2025-11-09,3.0
TE-101050,Engineer 03,Customer 035,C035-P1,2025-08-14,1.0
TE-101051,Engineer 04,Customer 014,C014-P1,2025-02-25,0.5
TE-101052,Engineer 04,Customer 015,C015-P1,2025-04-26,4.0
TE-101053,Engineer 04,Customer 014,C014-P1,2025-10-08,4.0
TE-101054,Engineer 04,Customer 015,C015-P1,2025-09-26,8.0
TE-101055,Engineer 04,Customer 015,C015-P1,2025-06-02,0.5
TE-101056,Engineer 04,Customer 014,C014-P1,2025-07-06,1.0
TE-101057,Engineer 04,Customer 014,C014-P1,2025-08-17,6.0
TE-101058,Engineer 04,Customer 014,C014-P1,2025-04-29,6.0
TE-101059,Engineer 04,Customer 015,C015-P1,2025-03-12,2.0
TE-101060,Engineer 04,Customer 014,C014-P1,2025-12-10,1.5
TE-101061,Engineer 04,Customer 015,C015-P1,2025-12-21,3.0
TE-101062,Engineer 04,Customer 014,C014-P1,2025-04-10,4.0
TE-101063,Engineer 04,Customer 014,C014-P1,2025-02-09,8.0
TE-101064,Engineer 04,Customer 015,C015-P2,2025-03-24,0.5
TE-101065,Engineer 04,Customer 015,C015-P2,2025-12-06,4.0
TE-101066,Engineer 04,Customer 015,C015-P2,2025-07-30,3.0
TE-101067,Engineer 04,Customer 014,C014-P1,2025-12-07,8.0
TE-101068,Engineer 04,Customer 014,C014-P1,2025-05-24,2.0
TE-101069,Engineer 04,Customer 014,C014-P1,2025-05-23,6.0
TE-101070,Engineer 04,Customer 015,C015-P2,2025-02-07,1.0
TE-101071,Engineer 04,Customer 015,C015-P2,2025-07-03,1.0
TE-101072,Engineer 04,Customer 015,C015-P1,2025-09-23,0.5
TE-101073,Engineer 04,Customer 014,C014-P1,2025-03-30,1.0
TE-101074,Engineer 04,Customer 015,C015-P1,2025-09-25,2.0
TE-101075,Engineer 04,Customer 014,C014-P1,2025-07-29,1.0
TE-101076,Engineer 04,Customer 014,C014-P1,2025-01-19,3.0
TE-101077,Engineer 04,Customer 015,C015-P2,2025-06-10,1.0
TE-101078,Engineer 04,Customer 014,C014-P1,2025-07-27,6.0
TE-101079,Engineer 04,Customer 015,C015-P2,2025-02-11,1.5
TE-101080,Engineer 04,Customer 015,C015-P2,2025-07-01,6.0
TE-101081,Engineer 04,Customer 014,C014-P1,2025-09-06,3.0
TE-101082,Engineer 04,Customer 003,C003-P1,2025-12-26,8.0
TE-101083,Engineer 04,Customer 014,C014-P1,2025-05-27,2.0
TE-101084,Engineer 04,Customer 015,C015-P2,2025-11-07,8.0
TE-101085,Engineer 04,Customer 015,C015-P1,2025-07-27,1.5
TE-101086,Engineer 04,Customer 015,C015-P2,2025-08-17,3.0
TE-101087,Engineer 04,Customer 015,C015-P2,2025-04-09,2.0
TE-101088,Engineer 04,Customer 014,C014-P1,2025-03-09,4.0
TE-101089,Engineer 04,Customer 015,C015-P2,2025-04-07,6.0
TE-101090,Engineer 04,Customer 007,C007-P1,2025-09-08,2.0
TE-101091,Engineer 04,Customer 016,C016-P2,2025-02-08,8.0
TE-101092,Engineer 04,Customer 015,C015-P1,2025-12-15,8.0
TE-101093,Engineer 04,Customer 014,C014-P1,2025-01-16,3.0
TE-101094,Engineer 04,Customer 014,C014-P1,2025-01-23,8.0
TE-101095,Engineer 04,Customer 014,C014-P1,2025-07-22,0.5
TE-101096,Engineer 04,Customer 015,C015-P2,2025-10-17,4.0
TE-101097,Engineer 04,Customer 014,C014-P1,2025-05-28,2.0
TE-101098,Engineer 04,Customer 014,C014-P1,2025-03-15,0.5
TE-101099,Engineer 04,Customer 014,C014-P1,2025-02-08,3.0
TE-101100,Engineer 04,Customer 014,C014-P1,2025-01-05,0.5
TE-101101,Engineer 04,Customer 014,C014-P1,2025-09-28,8.0
TE-101102,Engineer 04,Customer 015,C015-P1,2025-12-18,1.0
TE-101103,Engineer 04,Customer 015,C015-P1,2025-05-12,6.0
TE-101104,Engineer 04,Customer 015,C015-P2,2025-11-29,3.0
TE-101105,Engineer 04,Customer 015,C015-P1,2025-07-12,2.0
TE-101106,Engineer 04,Customer 015,C015-P2,2025-08-25,3.0
TE-101107,Engineer 04,Customer 014,C014-P1,2025-01-05,1.5
TE-101108,Engineer 04,Customer 014,C014-P1,2025-09-23,2.0
TE-101109,Engineer 04,Customer 014,C014-P1,2025-02-07,1.0
TE-101110,Engineer 04,Customer 014,C014-P1,2025-10-29,8.0
TE-101111,Engineer 04,Customer 015,C015-P1,2025-10-19,8.0
TE-101112,Engineer 04,Customer 014,C014-P1,2025-12-22,6.0
TE-101113,Engineer 04,Customer 015,C015-P2,2025-04-15,1.0
TE-101114,Engineer 04,Customer 015,C015-P1,2025-11-25,4.0
TE-101115,Engineer 04,Customer 014,C014-P1,2025-09-30,1.0
TE-101116,Engineer 04,Customer 015,C015-P2,2025-05-07,2.0
TE-101117,Engineer 04,Customer 014,C014-P1,2025-05-25,1.0
TE-101118,Engineer 04,Customer 014,C014-P1,2025-01-31,0.5
TE-101119,Engineer 04,Customer 015,C015-P2,2025-06-14,4.0
TE-101120,Engineer 04,Customer 014,C014-P1,2025-08-24,6.0
TE-101121,Engineer 04,Customer 015,C015-P1,2025-01-04,1.0
TE-101122,Engineer 04,Customer 015,C015-P1,2025-02-10,0.5
TE-101123,Engineer 04,Customer 014,C014-P1,2025-03-01,3.0
TE-101124,Engineer 04,Customer 014,C014-P1,2025-06-17,3.0
TE-101125,Engineer 04,Customer 015,C015-P1,2025-11-12,1.5
TE-101126,Engineer 04,Customer 015,C015-P2,2025-03-04,0.5
TE-101127,Engineer 04,Customer 014,C014-P1,2025-11-28,4.0
TE-101128,Engineer 04,Customer 015,C015-P2,2025-09-06,6.0
TE-101129,Engineer 04,Customer 015,C015-P1,2025-12-03,4.0
TE-101130,Engineer 04,Customer 015,C015-P1,2025-07-23,6.0
TE-101131,Engineer 04,Customer 015,C015-P1,2025-01-19,4.0
TE-101132,Engineer 04,Customer 040,C040-P1,2025-12-26,6.0
TE-101133,Engineer 04,Customer 015,C015-P2,2025-01-08,1.5
TE-101134,Engineer 04,Customer 014,C014-P1,2025-09-02,1.0
TE-101135,Engineer 04,Customer 015,C015-P2,2025-04-20,1.5
TE-101136,Engineer 04,Customer 014,C014-P1,2025-04-29,1.5
TE-101137,Engineer 04,Customer 014,C014-P1,2025-10-05,0.5
TE-101138,Engineer 04,Customer 015,C015-P2,2025-11-29,0.5
TE-101139,Engineer 04,Customer 014,C014-P1,2025-04-11,1.5
TE-101140,Engineer 04,Customer 014,C014-P1,2025-05-17,1.0
TE-101141,Engineer 04,Customer 014,C014-P1,2025-05-11,1.5
TE-101142,Engineer 04,Customer 015,C015-P2,2025-10-14,1.0
TE-101143,Engineer 04,Customer 015,C015-P1,2025-06-04,6.0
TE-101144,Engineer 04,Customer 015,C015-P1,2025-03-12,4.0
TE-101145,Engineer 04,Customer 014,C014-P1,2025-04-13,2.0
TE-101146,Engineer 04,Customer 015,C015-P2,2025-07-25,2.0
TE-101147,Engineer 04,Customer 006,C006-P2,2025-01-10,8.0
TE-101148,Engineer 04,Customer 015,C015-P1,2025-11-20,1.0
TE-101149,Engineer 04,Customer 014,C014-P1,2025-03-12,0.5
TE-101150,Engineer 04,Customer 015,C015-P2,2025-12-25,4.0
TE-101151,Engineer 04,Customer 015,C015-P1,2025-08-12,2.0
TE-101152,Engineer 04,Customer 015,C015-P1,2025-05-19,6.0
TE-101153,Engineer 04,Customer 014,C014-P1,2025-09-03,1.0
TE-101154,Engineer 04,Customer 015,C015-P2,2025-12-19,8.0
TE-101155,Engineer 04,Customer 014,C014-P1,2025-07-31,6.0
TE-101156,Engineer 04,Customer 014,C014-P1,2025-11-12,4.0
TE-101157,Engineer 04,Customer 014,C014-P1,2025-05-22,4.0
TE-101158,Engineer 04,Customer 015,C015-P1,2025-02-22,6.0
TE-101159,Engineer 04,Customer 015,C015-P2,2025-02-24,3.0
TE-101160,Engineer 04,Customer 014,C014-P1,2025-03-14,1.0
TE-101161,Engineer 04,Customer 014,C014-P1,2025-10-28,1.0
TE-101162,Engineer 04,Customer 014,C014-P1,2025-08-08,0.5
TE-101163,Engineer 04,Customer 015,C015-P2,2025-06-04,6.0
TE-101164,Engineer 04,Customer 015,C015-P1,2025-02-02,6.0
TE-101165,Engineer 04,Customer 014,C014-P1,2025-09-22,1.0
TE-101166,Engineer 04,Customer 014,C014-P1,2025-11-09,3.0
TE-101167,Engineer 04,Customer 015,C015-P2,2025-04-07,3.0
TE-101168,Engineer 04,Customer 014,C014-P1,2025-02-12,0.5
TE-101169,Engineer 04,Customer 014,C014-P1,2025-05-17,1.0
TE-101170,Engineer 04,Customer 015,C015-P1,2025-12-21,1.0
TE-101171,Engineer 04,Customer 014,C014-P1,2025-11-02,1.5
TE-101172,Engineer 04,Customer 015,C015-P1,2025-01-08,6.0
TE-101173,Engineer 04,Customer 014,C014-P1,2025-01-18,3.0
TE-101174,Engineer 04,Customer 015,C015-P2,2025-01-02,2.0
TE-101175,Engineer 04,Customer 012,C012-P1,2025-05-09,6.0
TE-101176,Engineer 04,Customer 014,C014-P1,2025-11-12,8.0
TE-101177,Engineer 04,Customer 019,C019-P1,2025-02-12,1.5
TE-101178,Engineer 04,Customer 015,C015-P2,2025-11-17,2.0
TE-101179,Engineer 04,Customer 014,C014-P1,2025-07-08,3.0
TE-101180,Engineer 04,Customer 014,C014-P1,2025-09-07,6.0
TE-101181,Engineer 04,Customer 015,C015-P2,2025-11-16,4.0
TE-101182,Engineer 04,Customer 014,C014-P1,2025-09-12,2.0
TE-101183,Engineer 04,Customer 015,C015-P2,2025-07-01,2.0
TE-101184,Engineer 04,Customer 015,C015-P2,2025-08-02,4.0
TE-101185,Engineer 04,Customer 014,C014-P1,2025-01-02,2.0
TE-101186,Engineer 04,Customer 014,C014-P1,2025-07-13,2.0
TE-101187,Engineer 04,Customer 014,C014-P1,2025-07-19,0.5
TE-101188,Engineer 04,Customer 014,C014-P1,2025-07-02,0.5
TE-101189,Engineer 04,Customer 014,C014-P1,2025-02-14,8.0
TE-101190,Engineer 04,Customer 015,C015-P2,2025-11-06,1.0
TE-101191,Engineer 04,Customer 014,C014-P1,2025-03-05,8.0
TE-101192,Engineer 04,Customer 015,C015-P1,2025-12-18,1.5
TE-101193,Engineer 04,Customer 015,C015-P2,2025-04-27,8.0
TE-101194,Engineer 04,Customer 014,C014-P1,2025-03-03,1.0
TE-101195,Engineer 04,Customer 015,C015-P2,2025-12-22,2.0
TE-101196,Engineer 04,Customer 015,C015-P2,2025-07-11,0.5
TE-101197,Engineer 04,Customer 027,C027-P1,2025-05-04,1.0
TE-101198,Engineer 04,Customer 015,C015-P1,2025-09-29,4.0
TE-101199,Engineer 04,Customer 014,C014-P1,2025-03-12,0.5
TE-101200,Engineer 04,Customer 014,C014-P1,2025-11-04,0.5
TE-101201,Engineer 04,Customer 014,C014-P1,2025-01-07,4.0
TE-101202,Engineer 04,Customer 014,C014-P1,2025-02-13,2.0
TE-101203,Engineer 04,Customer 014,C014-P1,2025-10-13,1.5
TE-101204,Engineer 04,Customer 014,C014-P1,2025-05-17,0.5
TE-101205,Engineer 04,Customer 015,C015-P2,2025-04-19,1.5
TE-101206,Engineer 04,Customer 015,C015-P1,2025-11-26,1.5
TE-101207,Engineer 04,Customer 015,C015-P2,2025-11-16,4.0
TE-101208,Engineer 04,Customer 015,C015-P1,2025-05-02,0.5
TE-101209,Engineer 04,Customer 014,C014-P1,2025-06-28,8.0
TE-101210,Engineer 04,Customer 026,C026-P1,2025-11-21,3.0
TE-101211,Engineer 04,Customer 014,C014-P1,2025-01-06,1.5
TE-101212,Engineer 04,Customer 015,C015-P1,2025-02-05,6.0
TE-101213,Engineer 04,Customer 015,C015-P1,2025-02-26,6.0
TE-101214,Engineer 04,Customer 015,C015-P1,2025-07-26,8.0
TE-101215,Engineer 04,Customer 015,C015-P2,2025-12-06,8.0
TE-101216,Engineer 04,Customer 015,C015-P2,2025-05-25,1.5
TE-101217,Engineer 04,Customer 015,C015-P1,2025-03-20,1.0
TE-101218,Engineer 04,Customer 014,C014-P1,2025-08-19,3.0
TE-101219,Engineer 04,Customer 014,C014-P1,2025-03-13,6.0
TE-101220,Engineer 04,Customer 015,C015-P1,2025-01-26,4.0
TE-101221,Engineer 04,Customer 015,C015-P2,2025-09-23,1.5
TE-101222,Engineer 04,Customer 015,C015-P2,2025-10-12,6.0
TE-101223,Engineer 04,Customer 015,C015-P1,2025-02-03,3.0
TE-101224,Engineer 04,Customer 014,C014-P1,2025-05-14,8.0
TE-101225,Engineer 04,Customer 014,C014-P1,2025-08-15,1.0
TE-101226,Engineer 04,Customer 015,C015-P1,2025-03-21,4.0
TE-101227,Engineer 04,Customer 015,C015-P2,2025-09-19,0.5
TE-101228,Engineer 04,Customer 014,C014-P1,2025-09-11,1.5
TE-101229,Engineer 04,Customer 014,C014-P1,2025-07-09,6.0
TE-101230,Engineer 04,Customer 014,C014-P1,2025-03-21,2.0
TE-101231,Engineer 04,Customer 015,C015-P1,2025-07-11,8.0
TE-101232,Engineer 04,Customer 014,C014-P1,2025-11-26,2.0
TE-101233,Engineer 04,Customer 014,C014-P1,2025-07-07,4.0
TE-101234,Engineer 04,Customer 015,C015-P2,2025-07-26,8.0
TE-101235,Engineer 04,Customer 014,C014-P1,2025-11-09,4.0
TE-101236,Engineer 04,Customer 015,C015-P1,2025-11-07,1.0
TE-101237,Engineer 04,Customer 014,C014-P1,2025-11-28,4.0
TE-101238,Engineer 04,Customer 014,C014-P1,2025-09-08,4.0
TE-101239,Engineer 04,Customer 015,C015-P2,2025-09-01,0.5
TE-101240,Engineer 04,Customer 014,C014-P1,2025-06-17,2.0
TE-101241,Engineer 04,Customer 014,C014-P1,2025-03-03,0.5
TE-101242,Engineer 04,Customer 014,C014-P1,2025-07-11,4.0
TE-101243,Engineer 04,Customer 015,C015-P1,2025-05-24,0.5
TE-101244,Engineer 04,Customer 014,C014-P1,2025-09-16,0.5
TE-101245,Engineer 04,Customer 015,C015-P2,2025-06-21,3.0
TE-101246,Engineer 04,Customer 015,C015-P1,2025-07-06,1.5
TE-101247,Engineer 04,Customer 014,C014-P1,2025-03-20,4.0
TE-101248,Engineer 04,Customer 015,C015-P2,2025-06-12,1.0
TE-101249,Engineer 04,Customer 009,C009-P1,2025-06-04,1.0
TE-101250,Engineer 04,Customer 015,C015-P2,2025-01-06,1.0
TE-101251,Engineer 04,Customer 014,C014-P1,2025-05-29,3.0
TE-101252,Engineer 04,Customer 015,C015-P1,2025-02-20,2.0
TE-101253,Engineer 04,Customer 014,C014-P1,2025-11-19,3.0
TE-101254,Engineer 04,Customer 029,C029-P3,2025-02-09,8.0
TE-101255,Engineer 04,Customer 014,C014-P1,2025-02-27,1.5
TE-101256,Engineer 04,Customer 015,C015-P2,2025-02-17,3.0
TE-101257,Engineer 04,Customer 014,C014-P1,2025-11-25,8.0
TE-101258,Engineer 04,Customer 015,C015-P1,2025-07-17,1.5
TE-101259,Engineer 04,Customer 014,C014-P1,2025-12-09,0.5
TE-101260,Engineer 04,Customer 014,C014-P1,2025-02-27,3.0
TE-101261,Engineer 04,Customer 015,C015-P2,2025-06-14,3.0
TE-101262,Engineer 04,Customer 014,C014-P1,2025-04-18,1.0
TE-101263,Engineer 04,Customer 015,C015-P2,2025-01-12,6.0
TE-101264,Engineer 04,Customer 015,C015-P1,2025-07-04,4.0
TE-101265,Engineer 04,Customer 014,C014-P1,2025-09-01,3.0
TE-101266,Engineer 04,Customer 015,C015-P1,2025-08-31,0.5
TE-101267,Engineer 04,Customer 015,C015-P2,2025-04-04,4.0
TE-101268,Engineer 04,Customer 015,C015-P2,2025-11-23,6.0
TE-101269,Engineer 04,Customer 014,C014-P1,2025-12-26,1.5
TE-101270,Engineer 04,Customer 014,C014-P1,2025-04-21,3.0
TE-101271,Engineer 04,Customer 014,C014-P1,2025-04-20,3.0
TE-101272,Engineer 04,Customer 014,C014-P1,2025-10-29,8.0
TE-101273,Engineer 04,Customer 015,C015-P2,2025-02-09,3.0
TE-101274,Engineer 04,Customer 015,C015-P2,2025-06-09,2.0
TE-101275,Engineer 04,Customer 014,C014-P1,2025-03-08,8.0
TE-101276,Engineer 04,Customer 014,C014-P1,2025-05-21,8.0
TE-101277,Engineer 04,Customer 014,C014-P1,2025-12-19,2.0
TE-101278,Engineer 04,Customer 014,C014-P1,2025-11-09,1.5
TE-101279,Engineer 04,Customer 014,C014-P1,2025-01-31,3.0
TE-101280,Engineer 04,Customer 014,C014-P1,2025-09-23,3.0
TE-101281,Engineer 04,Customer 014,C014-P1,2025-01-22,4.0
TE-101282,Engineer 04,Customer 014,C014-P1,2025-01-01,2.0
TE-101283,Engineer 04,Customer 015,C015-P1,2025-06-10,2.0
TE-101284,Engineer 04,Customer 014,C014-P1,2025-01-29,6.0
TE-101285,Engineer 04,Customer 014,C014-P1,2025-07-07,8.0
TE-101286,Engineer 04,Customer 015,C015-P1,2025-07-07,0.5
TE-101287,Engineer 04,Customer 015,C015-P1,2025-10-04,6.0
TE-101288,Engineer 04,Customer 015,C015-P1,2025-05-06,0.5
TE-101289,Engineer 04,Customer 015,C015-P1,2025-05-01,6.0
TE-101290,Engineer 04,Customer 015,C015-P1,2025-06-01,3.0
TE-101291,Engineer 04,Customer 014,C014-P1,2025-09-14,4.0
TE-101292,Engineer 04,Customer 015,C015-P2,2025-04-13,6.0
TE-101293,Engineer 04,Customer 014,C014-P1,2025-08-12,2.0
TE-101294,Engineer 04,Customer 014,C014-P1,2025-05-11,2.0
TE-101295,Engineer 04,Customer 015,C015-P2,2025-01-14,1.0
TE-101296,Engineer 04,Customer 032,C032-P2,2025-01-31,3.0
TE-101297,Engineer 04,Customer 014,C014-P1,2025-04-11,0.5
TE-101298,Engineer 04,Customer 015,C015-P1,2025-09-25,2.0
TE-101299,Engineer 04,Customer 015,C015-P1,2025-02-28,0.5
TE-101300,Engineer 04,Customer 014,C014-P1,2025-04-15,8.0
TE-101301,Engineer 04,Customer 014,C014-P1,2025-01-01,6.0
TE-101302,Engineer 04,Customer 015,C015-P2,2025-02-26,3.0
TE-101303,Engineer 04,Customer 014,C014-P1,2025-01-15,0.5
TE-101304,Engineer 04,Customer 014,C014-P1,2025-09-01,1.0
TE-101305,Engineer 04,Customer 015,C015-P2,2025-02-02,3.0
TE-101306,Engineer 04,Customer 015,C015-P2,2025-09-21,2.0
TE-101307,Engineer 04,Customer 014,C014-P1,2025-01-29,1.5
TE-101308,Engineer 04,Customer 014,C014-P1,2025-02-02,6.0
TE-101309,Engineer 04,Customer 015,C015-P1,2025-02-07,1.5
TE-101310,Engineer 04,Customer 014,C014-P1,2025-02-02,2.0
TE-101311,Engineer 04,Customer 015,C015-P2,2025-07-08,6.0
TE-101312,Engineer 04,Customer 015,C015-P2,2025-11-10,6.0
TE-101313,Engineer 04,Customer 015,C015-P1,2025-01-07,0.5
TE-101314,Engineer 04,Customer 015,C015-P1,2025-02-10,3.0
TE-101315,Engineer 04,Customer 014,C014-P1,2025-10-20,1.5
TE-101316,Engineer 04,Customer 015,C015-P1,2025-10-19,8.0
TE-101317,Engineer 04,Customer 014,C014-P1,2025-09-09,4.0
TE-101318,Engineer 04,Customer 015,C015-P1,2025-09-14,3.0
TE-101319,Engineer 04,Customer 015,C015-P2,2025-06-18,0.5
TE-101320,Engineer 04,Customer 014,C014-P1,2025-09-10,8.0
TE-101321,Engineer 04,Customer 014,C014-P1,2025-11-14,1.5
TE-101322,Engineer 04,Customer 015,C015-P1,2025-07-03,3.0
TE-101323,Engineer 04,Customer 015,C015-P2,2025-02-03,0.5
TE-101324,Engineer 04,Customer 015,C015-P1,2025-12-12,4.0
TE-101325,Engineer 04,Customer 014,C014-P1,2025-02-11,1.0
TE-101326,Engineer 04,Customer 014,C014-P1,2025-03-06,6.0
TE-101327,Engineer 04,Customer 014,C014-P1,2025-11-11,6.0
TE-101328,Engineer 04,Customer 015,C015-P1,2025-03-06,3.0
TE-101329,Engineer 04,Customer 015,C015-P1,2025-11-14,1.0
TE-101330,Engineer 04,Customer 015,C015-P1,2025-06-02,8.0
TE-101331,Engineer 04,Customer 015,C015-P2,2025-02-23,1.0
TE-101332,Engineer 04,Customer 015,C015-P1,2025-11-19,4.0
TE-101333,Engineer 04,Customer 025,C025-P2,2025-12-10,8.0
TE-101334,Engineer 04,Customer 015,C015-P2,2025-05-19,1.5
TE-101335,Engineer 04,Customer 015,C015-P1,2025-07-11,2.0
TE-101336,Engineer 04,Customer 014,C014-P1,2025-02-14,0.5
TE-101337,Engineer 04,Customer 014,C014-P1,2025-11-13,1.0
TE-101338,Engineer 04,Customer 015,C015-P1,2025-08-03,6.0
TE-101339,Engineer 04,Customer 014,C014-P1,2025-07-08,1.0
TE-101340,Engineer 04,Customer 017,C017-P2,2025-05-17,0.5
TE-101341,Engineer 04,Customer 015,C015-P1,2025-12-01,0.5
TE-101342,Engineer 04,Customer 014,C014-P1,2025-12-05,1.0
TE-101343,Engineer 04,Customer 015,C015-P2,2025-02-03,1.5
TE-101344,Engineer 04,Customer 015,C015-P2,2025-08-27,4.0
TE-101345,Engineer 04,Customer 014,C014-P1,2025-10-29,0.5
TE-101346,Engineer 04,Customer 014,C014-P1,2025-11-07,0.5
TE-101347,Engineer 04,Customer 015,C015-P1,2025-08-03,2.0
TE-101348,Engineer 04,Customer 015,C015-P2,2025-08-16,8.0
TE-101349,Engineer 04,Customer 039,C039-P1,2025-01-14,1.0
TE-101350,Engineer 04,Customer 014,C014-P1,2025-10-31,6.0
TE-101351,Engineer 04,Customer 014,C014-P1,2025-02-07,4.0
TE-101352,Engineer 04,Customer 015,C015-P1,2025-08-27,0.5
TE-101353,Engineer 04,Customer 015,C015-P1,2025-12-08,6.0
TE-101354,Engineer 04,Customer 015,C015-P1,2025-12-25,3.0
TE-101355,Engineer 04,Customer 015,C015-P1,2025-09-14,1.5
TE-101356,Engineer 04,Customer 015,C015-P1,2025-09-17,6.0
TE-101357,Engineer 04,Customer 015,C015-P2,2025-11-25,2.0
TE-101358,Engineer 04,Customer 014,C014-P1,2025-09-25,3.0
TE-101359,Engineer 04,Customer 015,C015-P1,2025-09-08,2.0
TE-101360,Engineer 04,Customer 015,C015-P1,2025-07-18,1.5
TE-101361,Engineer 04,Customer 014,C014-P1,2025-06-07,4.0
TE-101362,Engineer 04,Customer 015,C015-P1,2025-10-10,3.0
TE-101363,Engineer 04,Customer 014,C014-P1,2025-11-27,1.5
TE-101364,Engineer 04,Customer 014,C014-P1,2025-10-29,4.0
TE-101365,Engineer 04,Customer 015,C015-P2,2025-07-08,1.0
TE-101366,Engineer 04,Customer 014,C014-P1,2025-01-02,4.0
TE-101367,Engineer 04,Customer 014,C014-P1,2025-01-09,0.5
TE-101368,Engineer 04,Customer 014,C014-P1,2025-07-12,3.0
TE-101369,Engineer 04,Customer 015,C015-P1,2025-05-28,2.0
TE-101370,Engineer 04,Customer 014,C014-P1,2025-09-09,8.0
TE-101371,Engineer 04,Customer 015,C015-P1,2025-12-13,0.5
TE-101372,Engineer 04,Customer 014,C014-P1,2025-02-23,6.0
TE-101373,Engineer 04,Customer 015,C015-P1,2025-02-07,6.0
TE-101374,Engineer 04,Customer 014,C014-P1,2025-05-01,0.5
TE-101375,Engineer 04,Customer 015,C015-P2,2025-08-09,0.5
TE-101376,Engineer 04,Customer 014,C014-P1,2025-03-10,6.0
TE-101377,Engineer 04,Customer 015,C015-P1,2025-08-11,4.0
TE-101378,Engineer 04,Customer 015,C015-P2,2025-07-21,4.0
TE-101379,Engineer 04,Customer 014,C014-P1,2025-05-03,2.0
TE-101380,Engineer 04,Customer 015,C015-P1,2025-04-01,6.0
TE-101381,Engineer 04,Customer 015,C015-P2,2025-07-01,1.0
TE-101382,Engineer 04,Customer 014,C014-P1,2025-11-22,1.5
TE-101383,Engineer 04,Customer 014,C014-P1,2025-11-25,6.0
TE-101384,Engineer 04,Customer 015,C015-P1,2025-08-31,6.0
TE-101385,Engineer 04,Customer 009,C009-P1,2025-11-21,8.0
TE-101386,Engineer 04,Customer 014,C014-P1,2025-02-20,1.5
TE-101387,Engineer 04,Customer 014,C014-P1,2025-02-23,3.0
TE-101388,Engineer 04,Customer 014,C014-P1,2025-12-11,2.0
TE-101389,Engineer 04,Customer 014,C014-P1,2025-05-23,4.0
TE-101390,Engineer 04,Customer 015,C015-P2,2025-07-15,2.0
TE-101391,Engineer 04,Customer 014,C014-P1,2025-11-27,6.0
TE-101392,Engineer 04,Customer 015,C015-P1,2025-08-09,1.0
TE-101393,Engineer 04,Customer 014,C014-P1,2025-06-03,8.0
TE-101394,Engineer 04,Customer 015,C015-P2,2025-01-26,1.5
TE-101395,Engineer 04,Customer 015,C015-P1,2025-01-04,1.5
TE-101396,Engineer 04,Customer 014,C014-P1,2025-06-02,1.0
TE-101397,Engineer 04,Customer 015,C015-P1,2025-04-23,0.5
TE-101398,Engineer 04,Customer 015,C015-P1,2025-02-03,8.0
TE-101399,Engineer 04,Customer 015,C015-P2,2025-09-12,4.0
TE-101400,Engineer 04,Customer 015,C015-P2,2025-10-23,1.0
TE-101401,Engineer 05,Customer 032,C032-P2,2025-01-26,0.5
TE-101402,Engineer 05,Customer 023,C023-P1,2025-11-25,6.0
TE-101403,Engineer 05,Customer 032,C032-P2,2025-03-17,6.0
TE-101404,Engineer 05,Customer 023,C023-P1,2025-05-29,3.0
TE-101405,Engineer 05,Customer 021,C021-P1,2025-11-07,4.0
TE-101406,Engineer 05,Customer 023,C023-P2,2025-09-18,6.0
TE-101407,Engineer 05,Customer 023,C023-P1,2025-06-22,4.0
TE-101408,Engineer 05,Customer 032,C032-P1,2025-09-26,0.5
TE-101409,Engineer 05,Customer 032,C032-P1,2025-03-07,0.5
TE-101410,Engineer 05,Customer 023,C023-P2,2025-09-16,2.0
TE-101411,Engineer 05,Customer 032,C032-P2,2025-12-18,1.5
TE-101412,Engineer 05,Customer 021,C021-P2,2025-05-02,4.0
TE-101413,Engineer 05,Customer 032,C032-P1,2025-09-14,1.5
TE-101414,Engineer 05,Customer 023,C023-P1,2025-07-21,1.0
TE-101415,Engineer 05,Customer 032,C032-P1,2025-07-09,8.0
TE-101416,Engineer 05,Customer 032,C032-P1,2025-04-22,3.0
TE-101417,Engineer 05,Customer 032,C032-P2,2025-05-17,0.5
TE-101418,Engineer 05,Customer 032,C032-P1,2025-11-03,0.5
TE-101419,Engineer 05,Customer 032,C032-P1,2025-06-06,2.0
TE-101420,Engineer 05,Customer 023,C023-P2,2025-12-14,8.0
TE-101421,Engineer 05,Customer 001,C001-P1,2025-03-12,3.0
TE-101422,Engineer 05,Customer 023,C023-P1,2025-11-05,1.0
TE-101423,Engineer 05,Customer 032,C032-P2,2025-05-21,0.5
TE-101424,Engineer 05,Customer 032,C032-P1,2025-02-20,1.0
TE-101425,Engineer 05,Customer 032,C032-P1,2025-01-11,2.0
TE-101426,Engineer 05,Customer 021,C021-P1,2025-03-11,4.0
TE-101427,Engineer 05,Customer 032,C032-P1,2025-07-29,2.0
TE-101428,Engineer 05,Customer 023,C023-P1,2025-09-07,0.5
TE-101429,Engineer 05,Customer 035,C035-P1,2025-09-14,4.0
TE-101430,Engineer 05,Customer 025,C025-P1,2025-02-16,2.0
TE-101431,Engineer 05,Customer 023,C023-P1,2025-09-19,3.0
TE-101432,Engineer 05,Customer 032,C032-P1,2025-02-20,1.0
TE-101433,Engineer 05,Customer 023,C023-P1,2025-12-08,3.0
TE-101434,Engineer 05,Customer 021,C021-P2,2025-06-21,1.0
TE-101435,Engineer 05,Customer 021,C021-P1,2025-05-08,3.0
TE-101436,Engineer 05,Customer 032,C032-P2,2025-03-20,3.0
TE-101437,Engineer 05,Customer 023,C023-P2,2025-08-13,1.0
TE-101438,Engineer 05,Customer 023,C023-P1,2025-12-03,1.0
TE-101439,Engineer 05,Customer 021,C021-P1,2025-01-17,4.0
TE-101440,Engineer 05,Customer 021,C021-P1,2025-08-14,2.0
TE-101441,Engineer 05,Customer 032,C032-P2,2025-12-08,1.0
TE-101442,Engineer 05,Customer 023,C023-P1,2025-12-07,1.0
TE-101443,Engineer 05,Customer 032,C032-P1,2025-10-08,3.0
TE-101444,Engineer 05,Customer 023,C023-P1,2025-07-01,0.5
TE-101445,Engineer 05,Customer 021,C021-P1,2025-02-04,1.0
TE-101446,Engineer 05,Customer 023,C023-P2,2025-08-19,1.0
TE-101447,Engineer 05,Customer 023,C023-P2,2025-01-20,3.0
TE-101448,Engineer 05,Customer 032,C032-P1,2025-02-15,1.5
TE-101449,Engineer 05,Customer 021,C021-P1,2025-12-03,3.0
TE-101450,Engineer 05,Customer 032,C032-P1,2025-06-24,1.5
TE-101451,Engineer 05,Customer 021,C021-P2,2025-08-14,1.0
TE-101452,Engineer 05,Customer 023,C023-P1,2025-12-21,1.0
TE-101453,Engineer 05,Customer 023,C023-P1,2025-06-17,6.0
TE-101454,Engineer 05,Customer 023,C023-P1,2025-11-08,0.5
TE-101455,Engineer 05,Customer 010,C010-P2,2025-01-05,4.0
TE-101456,Engineer 05,Customer 023,C023-P1,2025-10-21,3.0
TE-101457,Engineer 05,Customer 032,C032-P2,2025-09-13,2.0
TE-101458,Engineer 05,Customer 026,C026-P1,2025-02-12,3.0
TE-101459,Engineer 05,Customer 023,C023-P2,2025-09-12,8.0
TE-101460,Engineer 05,Customer 023,C023-P2,2025-07-09,1.0
TE-101461,Engineer 05,Customer 023,C023-P2,2025-11-26,8.0
TE-101462,Engineer 05,Customer 021,C021-P2,2025-09-06,4.0
TE-101463,Engineer 05,Customer 032,C032-P1,2025-10-13,0.5
TE-101464,Engineer 05,Customer 023,C023-P1,2025-02-05,4.0
TE-101465,Engineer 05,Customer 023,C023-P1,2025-10-28,4.0
TE-101466,Engineer 05,Customer 023,C023-P2,2025-08-13,2.0
TE-101467,Engineer 05,Customer 032,C032-P2,2025-05-28,1.0
TE-101468,Engineer 05,Customer 027,C027-P2,2025-06-20,3.0
TE-101469,Engineer 05,Customer 032,C032-P1,2025-08-15,6.0
TE-101470,Engineer 05,Customer 032,C032-P1,2025-08-25,8.0
TE-101471,Engineer 05,Customer 023,C023-P1,2025-08-23,8.0
TE-101472,Engineer 05,Customer 032,C032-P1,2025-08-11,8.0
TE-101473,Engineer 05,Customer 023,C023-P2,2025-03-18,8.0
TE-101474,Engineer 05,Customer 021,C021-P2,2025-01-20,4.0
TE-101475,Engineer 05,Customer 023,C023-P2,2025-06-02,0.5
TE-101476,Engineer 05,Customer 023,C023-P1,2025-08-18,0.5
TE-101477,Engineer 05,Customer 023,C023-P1,2025-12-04,3.0
TE-101478,Engineer 05,Customer 021,C021-P1,2025-12-05,1.5
TE-101479,Engineer 05,Customer 023,C023-P1,2025-12-19,6.0
TE-101480,Engineer 05,Customer 021,C021-P2,2025-07-03,0.5
TE-101481,Engineer 05,Customer 023,C023-P1,2025-04-26,0.5
TE-101482,Engineer 05,Customer 032,C032-P2,2025-08-21,4.0
TE-101483,Engineer 05,Customer 023,C023-P1,2025-02-21,1.5
TE-101484,Engineer 05,Customer 021,C021-P2,2025-01-26,6.0
TE-101485,Engineer 05,Customer 023,C023-P1,2025-11-24,6.0
TE-101486,Engineer 05,Customer 032,C032-P1,2025-01-19,1.5
TE-101487,Engineer 05,Customer 032,C032-P1,2025-02-08,4.0
TE-101488,Engineer 05,Customer 032,C032-P1,2025-07-29,1.0
TE-101489,Engineer 05,Customer 032,C032-P1,2025-07-03,8.0
TE-101490,Engineer 05,Customer 032,C032-P2,2025-11-13,2.0
TE-101491,Engineer 05,Customer 032,C032-P1,2025-04-16,2.0
TE-101492,Engineer 05,Customer 032,C032-P2,2025-12-14,4.0
TE-101493,Engineer 05,Customer 032,C032-P2,2025-04-17,2.0
TE-101494,Engineer 05,Customer 023,C023-P2,2025-05-20,6.0
TE-101495,Engineer 05,Customer 023,C023-P2,2025-05-10,8.0
TE-101496,Engineer 05,Customer 021,C021-P2,2025-05-15,6.0
TE-101497,Engineer 05,Customer 023,C023-P2,2025-11-29,1.0
TE-101498,Engineer 05,Customer 023,C023-P1,2025-05-27,6.0
TE-101499,Engineer 05,Customer 032,C032-P2,2025-09-02,8.0
TE-101500,Engineer 05,Customer 023,C023-P1,2025-04-23,6.0
TE-101501,Engineer 05,Customer 023,C023-P1,2025-10-07,1.0
TE-101502,Engineer 05,Customer 021,C021-P2,2025-09-09,8.0
TE-101503,Engineer 05,Customer 021,C021-P2,2025-04-23,4.0
TE-101504,Engineer 05,Customer 032,C032-P1,2025-12-16,1.0
TE-101505,Engineer 05,Customer 032,C032-P2,2025-12-19,0.5
TE-101506,Engineer 05,Customer 023,C023-P2,2025-08-28,3.0
TE-101507,Engineer 05,Customer 032,C032-P1,2025-09-19,2.0
TE-101508,Engineer 05,Customer 021,C021-P1,2025-05-02,8.0
TE-101509,Engineer 05,Customer 032,C032-P1,2025-04-10,3.0
TE-101510,Engineer 05,Customer 021,C021-P1,2025-06-20,6.0
TE-101511,Engineer 05,Customer 021,C021-P1,2025-03-16,6.0
TE-101512,Engineer 05,Customer 023,C023-P2,2025-10-05,4.0
TE-101513,Engineer 05,Customer 032,C032-P2,2025-05-17,3.0
TE-101514,Engineer 05,Customer 032,C032-P2,2025-08-31,4.0
TE-101515,Engineer 05,Customer 021,C021-P1,2025-09-09,6.0
TE-101516,Engineer 05,Customer 021,C021-P2,2025-05-14,0.5
TE-101517,Engineer 05,Customer 021,C021-P1,2025-03-30,8.0
TE-101518,Engineer 05,Customer 023,C023-P2,2025-11-15,6.0
TE-101519,Engineer 05,Customer 023,C023-P2,2025-01-10,4.0
TE-101520,Engineer 05,Customer 032,C032-P2,2025-05-28,3.0
TE-101521,Engineer 05,Customer 032,C032-P2,2025-10-11,3.0
TE-101522,Engineer 05,Customer 023,C023-P1,2025-11-12,3.0
TE-101523,Engineer 05,Customer 021,C021-P2,2025-06-12,6.0
TE-101524,Engineer 05,Customer 023,C023-P2,2025-02-09,0.5
TE-101525,Engineer 05,Customer 021,C021-P2,2025-11-07,2.0
TE-101526,Engineer 05,Customer 032,C032-P1,2025-12-06,4.0
TE-101527,Engineer 05,Customer 023,C023-P2,2025-04-02,4.0
TE-101528,Engineer 05,Customer 021,C021-P1,2025-01-07,1.5
TE-101529,Engineer 05,Customer 023,C023-P2,2025-08-15,2.0
TE-101530,Engineer 05,Customer 021,C021-P2,2025-06-06,6.0
TE-101531,Engineer 05,Customer 023,C023-P2,2025-04-14,6.0
TE-101532,Engineer 05,Customer 021,C021-P1,2025-10-28,0.5
TE-101533,Engineer 05,Customer 023,C023-P1,2025-11-01,0.5
TE-101534,Engineer 05,Customer 023,C023-P2,2025-02-27,2.0
TE-101535,Engineer 05,Customer 023,C023-P2,2025-11-23,1.5
TE-101536,Engineer 05,Customer 022,C022-P1,2025-09-07,3.0
TE-101537,Engineer 05,Customer 023,C023-P2,2025-04-19,2.0
TE-101538,Engineer 05,Customer 021,C021-P2,2025-12-15,8.0
TE-101539,Engineer 05,Customer 012,C012-P1,2025-08-20,1.0
TE-101540,Engineer 05,Customer 032,C032-P2,2025-12-14,0.5
TE-101541,Engineer 05,Customer 023,C023-P1,2025-09-08,0.5
TE-101542,Engineer 05,Customer 023,C023-P1,2025-02-10,4.0
TE-101543,Engineer 05,Customer 023,C023-P1,2025-04-08,6.0
TE-101544,Engineer 05,Customer 032,C032-P1,2025-04-22,1.0
TE-101545,Engineer 05,Customer 023,C023-P2,2025-07-30,0.5
TE-101546,Engineer 05,Customer 021,C021-P1,2025-02-13,1.5
TE-101547,Engineer 05,Customer 032,C032-P1,2025-06-02,1.0
TE-101548,Engineer 05,Customer 021,C021-P2,2025-06-16,3.0
TE-101549,Engineer 05,Customer 023,C023-P1,2025-02-21,0.5
TE-101550,Engineer 05,Customer 032,C032-P2,2025-05-10,8.0
TE-101551,Engineer 05,Customer 023,C023-P1,2025-04-04,0.5
TE-101552,Engineer 05,Customer 021,C021-P1,2025-06-11,3.0
TE-101553,Engineer 05,Customer 023,C023-P1,2025-12-10,4.0
TE-101554,Engineer 05,Customer 021,C021-P1,2025-03-03,8.0
TE-101555,Engineer 05,Customer 023,C023-P1,2025-11-28,8.0
TE-101556,Engineer 05,Customer 032,C032-P2,2025-01-15,3.0
TE-101557,Engineer 05,Customer 021,C021-P2,2025-12-03,3.0
TE-101558,Engineer 05,Customer 023,C023-P2,2025-07-22,8.0
TE-101559,Engineer 05,Customer 021,C021-P1,2025-08-10,0.5
TE-101560,Engineer 05,Customer 032,C032-P2,2025-11-22,8.0
TE-101561,Engineer 05,Customer 021,C021-P2,2025-10-18,1.0
TE-101562,Engineer 05,Customer 023,C023-P2,2025-07-04,6.0
TE-101563,Engineer 05,Customer 032,C032-P1,2025-07-23,1.0
TE-101564,Engineer 05,Customer 023,C023-P2,2025-06-08,8.0
TE-101565,Engineer 05,Customer 032,C032-P1,2025-03-30,2.0
TE-101566,Engineer 05,Customer 032,C032-P1,2025-05-22,3.0
TE-101567,Engineer 05,Customer 023,C023-P1,2025-02-05,8.0
TE-101568,Engineer 05,Customer 032,C032-P2,2025-06-08,2.0
TE-101569,Engineer 05,Customer 032,C032-P1,2025-10-26,1.5
TE-101570,Engineer 05,Customer 023,C023-P1,2025-10-03,8.0
TE-101571,Engineer 05,Customer 023,C023-P1,2025-03-04,1.0
TE-101572,Engineer 05,Customer 023,C023-P2,2025-04-08,4.0
TE-101573,Engineer 05,Customer 023,C023-P2,2025-12-14,0.5
TE-101574,Engineer 05,Customer 023,C023-P2,2025-08-18,4.0
TE-101575,Engineer 05,Customer 023,C023-P1,2025-07-13,2.0
TE-101576,Engineer 05,Customer 032,C032-P1,2025-07-29,2.0
TE-101577,Engineer 05,Customer 028,C028-P1,2025-01-30,8.0
TE-101578,Engineer 05,Customer 021,C021-P2,2025-01-25,1.0
TE-101579,Engineer 05,Customer 021,C021-P1,2025-04-24,4.0
TE-101580,Engineer 05,Customer 032,C032-P2,2025-12-22,1.5
TE-101581,Engineer 05,Customer 021,C021-P2,2025-05-14,0.5
TE-101582,Engineer 05,Customer 021,C021-P1,2025-05-21,3.0
TE-101583,Engineer 05,Customer 021,C021-P2,2025-11-15,8.0
TE-101584,Engineer 05,Customer 032,C032-P1,2025-08-10,3.0
TE-101585,Engineer 05,Customer 032,C032-P2,2025-05-10,2.0
TE-101586,Engineer 05,Customer 021,C021-P2,2025-05-24,6.0
TE-101587,Engineer 05,Customer 023,C023-P1,2025-03-22,8.0
TE-101588,Engineer 05,Customer 021,C021-P1,2025-03-27,2.0
TE-101589,Engineer 05,Customer 032,C032-P1,2025-12-16,4.0
TE-101590,Engineer 05,Customer 021,C021-P1,2025-05-01,1.0
TE-101591,Engineer 05,Customer 020,C020-P1,2025-10-09,2.0
TE-101592,Engineer 05,Customer 023,C023-P1,2025-04-25,3.0
TE-101593,Engineer 05,Customer 023,C023-P2,2025-01-15,1.0
TE-101594,Engineer 05,Customer 021,C021-P1,2025-09-17,4.0
TE-101595,Engineer 05,Customer 023,C023-P1,2025-12-17,6.0
TE-101596,Engineer 05,Customer 021,C021-P2,2025-05-10,8.0
TE-101597,Engineer 05,Customer 032,C032-P1,2025-11-01,1.5
TE-101598,Engineer 05,Customer 023,C023-P2,2025-07-18,4.0
TE-101599,Engineer 05,Customer 023,C023-P1,2025-07-03,1.5
TE-101600,Engineer 05,Customer 021,C021-P2,2025-04-23,6.0
TE-101601,Engineer 05,Customer 023,C023-P1,2025-01-12,3.0
TE-101602,Engineer 05,Customer 023,C023-P1,2025-07-17,8.0
TE-101603,Engineer 05,Customer 023,C023-P2,2025-12-01,3.0
TE-101604,Engineer 05,Customer 032,C032-P1,2025-01-24,8.0
TE-101605,Engineer 05,Customer 023,C023-P2,2025-11-20,3.0
TE-101606,Engineer 05,Customer 032,C032-P2,2025-02-01,2.0
TE-101607,Engineer 05,Customer 035,C035-P2,2025-09-13,4.0
TE-101608,Engineer 05,Customer 006,C006-P1,2025-10-16,3.0
TE-101609,Engineer 05,Customer 009,C009-P1,2025-02-25,0.5
TE-101610,Engineer 05,Customer 032,C032-P1,2025-12-24,3.0
TE-101611,Engineer 05,Customer 032,C032-P1,2025-05-03,2.0
TE-101612,Engineer 05,Customer 032,C032-P1,2025-04-20,4.0
TE-101613,Engineer 05,Customer 032,C032-P2,2025-10-23,1.5
TE-101614,Engineer 05,Customer 032,C032-P1,2025-07-21,3.0
TE-101615,Engineer 05,Customer 021,C021-P2,2025-09-29,1.0
TE-101616,Engineer 05,Customer 017,C017-P1,2025-09-18,1.0
TE-101617,Engineer 05,Customer 023,C023-P1,2025-02-08,1.5
TE-101618,Engineer 05,Customer 021,C021-P2,2025-09-16,6.0
TE-101619,Engineer 05,Customer 032,C032-P2,2025-08-28,0.5
TE-101620,Engineer 05,Customer 021,C021-P2,2025-03-10,8.0
TE-101621,Engineer 05,Customer 021,C021-P1,2025-06-29,4.0
TE-101622,Engineer 05,Customer 032,C032-P2,2025-04-15,4.0
TE-101623,Engineer 05,Customer 032,C032-P1,2025-05-31,6.0
TE-101624,Engineer 05,Customer 023,C023-P1,2025-06-02,1.0
TE-101625,Engineer 05,Customer 032,C032-P1,2025-01-23,1.5
TE-101626,Engineer 05,Customer 021,C021-P2,2025-03-20,1.0
TE-101627,Engineer 05,Customer 023,C023-P2,2025-12-18,8.0
TE-101628,Engineer 05,Customer 021,C021-P2,2025-06-10,1.5
TE-101629,Engineer 05,Customer 032,C032-P1,2025-04-12,1.5
TE-101630,Engineer 05,Customer 023,C023-P2,2025-07-22,1.5
TE-101631,Engineer 05,Customer 032,C032-P1,2025-03-26,8.0
TE-101632,Engineer 05,Customer 032,C032-P2,2025-08-30,1.5
TE-101633,Engineer 05,Customer 021,C021-P1,2025-09-16,0.5
TE-101634,Engineer 05,Customer 021,C021-P1,2025-05-05,1.5
TE-101635,Engineer 05,Customer 032,C032-P1,2025-01-28,4.0
TE-101636,Engineer 05,Customer 032,C032-P2,2025-11-16,3.0
TE-101637,Engineer 05,Customer 023,C023-P1,2025-02-04,2.0
TE-101638,Engineer 05,Customer 032,C032-P1,2025-12-22,1.0
TE-101639,Engineer 05,Customer 032,C032-P1,2025-08-27,3.0
TE-101640,Engineer 05,Customer 032,C032-P2,2025-07-07,4.0
TE-101641,Engineer 05,Customer 023,C023-P1,2025-02-05,1.5
TE-101642,Engineer 05,Customer 021,C021-P2,2025-01-26,6.0
TE-101643,Engineer 05,Customer 032,C032-P2,2025-02-07,0.5
TE-101644,Engineer 05,Customer 032,C032-P2,2025-05-30,0.5
TE-101645,Engineer 05,Customer 023,C023-P1,2025-01-11,1.0
TE-101646,Engineer 05,Customer 032,C032-P1,2025-05-10,8.0
TE-101647,Engineer 05,Customer 021,C021-P2,2025-08-03,2.0
TE-101648,Engineer 05,Customer 032,C032-P1,2025-12-13,6.0
TE-101649,Engineer 05,Customer 021,C021-P2,2025-05-23,0.5
TE-101650,Engineer 05,Customer 023,C023-P1,2025-11-15,1.5
TE-101651,Engineer 05,Customer 021,C021-P1,2025-02-04,4.0
TE-101652,Engineer 05,Customer 021,C021-P1,2025-05-01,3.0
TE-101653,Engineer 05,Customer 021,C021-P1,2025-10-24,4.0
TE-101654,Engineer 05,Customer 023,C023-P2,2025-08-02,8.0
TE-101655,Engineer 05,Customer 032,C032-P2,2025-08-29,3.0
TE-101656,Engineer 05,Customer 021,C021-P2,2025-03-08,1.5
TE-101657,Engineer 05,Customer 023,C023-P2,2025-11-19,3.0
TE-101658,Engineer 05,Customer 021,C021-P2,2025-03-12,0.5
TE-101659,Engineer 05,Customer 023,C023-P1,2025-12-20,8.0
TE-101660,Engineer 05,Customer 032,C032-P2,2025-04-24,8.0
TE-101661,Engineer 05,Customer 032,C032-P2,2025-10-27,4.0
TE-101662,Engineer 05,Customer 023,C023-P1,2025-05-04,4.0
TE-101663,Engineer 05,Customer 032,C032-P1,2025-04-20,1.5
TE-101664,Engineer 05,Customer 023,C023-P2,2025-01-29,8.0
TE-101665,Engineer 05,Customer 032,C032-P1,2025-03-11,1.0
TE-101666,Engineer 05,Customer 021,C021-P2,2025-06-17,1.5
TE-101667,Engineer 05,Customer 039,C039-P1,2025-03-19,1.0
TE-101668,Engineer 05,Customer 023,C023-P2,2025-10-02,4.0
TE-101669,Engineer 05,Customer 032,C032-P2,2025-03-26,3.0
TE-101670,Engineer 05,Customer 023,C023-P1,2025-08-07,0.5
TE-101671,Engineer 05,Customer 032,C032-P1,2025-06-26,0.5
TE-101672,Engineer 05,Customer 032,C032-P2,2025-01-16,1.5
TE-101673,Engineer 05,Customer 023,C023-P1,2025-05-12,4.0
TE-101674,Engineer 05,Customer 032,C032-P2,2025-12-11,6.0
TE-101675,Engineer 05,Customer 032,C032-P2,2025-10-17,6.0
TE-101676,Engineer 05,Customer 021,C021-P1,2025-12-01,1.0
TE-101677,Engineer 05,Customer 023,C023-P2,2025-02-28,3.0
TE-101678,Engineer 05,Customer 023,C023-P1,2025-11-12,8.0
TE-101679,Engineer 05,Customer 023,C023-P2,2025-07-28,1.0
TE-101680,Engineer 05,Customer 032,C032-P1,2025-07-19,6.0
TE-101681,Engineer 05,Customer 021,C021-P1,2025-01-07,8.0
TE-101682,Engineer 05,Customer 021,C021-P1,2025-06-16,1.0
TE-101683,Engineer 05,Customer 021,C021-P2,2025-04-14,1.0
TE-101684,Engineer 05,Customer 021,C021-P1,2025-01-13,3.0
TE-101685,Engineer 05,Customer 021,C021-P2,2025-09-15,1.5
TE-101686,Engineer 05,Customer 023,C023-P1,2025-01-28,8.0
TE-101687,Engineer 05,Customer 023,C023-P1,2025-10-31,3.0
TE-101688,Engineer 05,Customer 023,C023-P2,2025-06-28,6.0
TE-101689,Engineer 05,Customer 032,C032-P1,2025-07-14,1.5
TE-101690,Engineer 05,Customer 011,C011-P2,2025-08-28,8.0
TE-101691,Engineer 05,Customer 023,C023-P2,2025-09-14,0.5
TE-101692,Engineer 05,Customer 023,C023-P1,2025-04-01,3.0
TE-101693,Engineer 05,Customer 032,C032-P2,2025-06-06,1.5
TE-101694,Engineer 05,Customer 021,C021-P1,2025-11-18,8.0
TE-101695,Engineer 05,Customer 021,C021-P1,2025-01-20,2.0
TE-101696,Engineer 05,Customer 023,C023-P2,2025-07-08,2.0
TE-101697,Engineer 05,Customer 032,C032-P1,2025-03-01,8.0
TE-101698,Engineer 05,Customer 023,C023-P1,2025-12-09,0.5
TE-101699,Engineer 05,Customer 032,C032-P1,2025-06-10,2.0
TE-101700,Engineer 05,Customer 023,C023-P1,2025-04-04,0.5
TE-101701,Engineer 05,Customer 021,C021-P2,2025-02-09,4.0
TE-101702,Engineer 05,Customer 023,C023-P1,2025-11-11,0.5
TE-101703,Engineer 05,Customer 021,C021-P2,2025-03-10,4.0
TE-101704,Engineer 05,Customer 021,C021-P2,2025-04-05,8.0
TE-101705,Engineer 05,Customer 032,C032-P2,2025-01-26,4.0
TE-101706,Engineer 05,Customer 021,C021-P1,2025-10-07,2.0
TE-101707,Engineer 05,Customer 021,C021-P2,2025-11-09,0.5
TE-101708,Engineer 05,Customer 021,C021-P2,2025-04-06,6.0
TE-101709,Engineer 05,Customer 023,C023-P2,2025-11-08,6.0
TE-101710,Engineer 05,Customer 021,C021-P2,2025-10-05,2.0
TE-101711,Engineer 05,Customer 032,C032-P2,2025-09-10,8.0
TE-101712,Engineer 05,Customer 021,C021-P1,2025-07-27,1.5
TE-101713,Engineer 05,Customer 023,C023-P1,2025-07-25,4.0
TE-101714,Engineer 05,Customer 023,C023-P1,2025-02-01,6.0
TE-101715,Engineer 05,Customer 032,C032-P1,2025-08-18,3.0
TE-101716,Engineer 05,Customer 023,C023-P2,2025-10-28,0.5
TE-101717,Engineer 05,Customer 032,C032-P2,2025-01-17,3.0
TE-101718,Engineer 05,Customer 021,C021-P2,2025-04-08,3.0
TE-101719,Engineer 05,Customer 021,C021-P1,2025-09-27,2.0
TE-101720,Engineer 05,Customer 023,C023-P1,2025-11-04,1.5
TE-101721,Engineer 05,Customer 023,C023-P1,2025-05-29,3.0
TE-101722,Engineer 05,Customer 021,C021-P2,2025-11-05,6.0
TE-101723,Engineer 05,Customer 021,C021-P1,2025-05-24,6.0
TE-101724,Engineer 05,Customer 021,C021-P1,2025-09-15,4.0
TE-101725,Engineer 05,Customer 023,C023-P1,2025-12-01,2.0
TE-101726,Engineer 05,Customer 032,C032-P2,2025-05-25,6.0
TE-101727,Engineer 05,Customer 032,C032-P2,2025-10-21,0.5
TE-101728,Engineer 05,Customer 023,C023-P2,2025-06-15,1.0
TE-101729,Engineer 05,Customer 032,C032-P1,2025-05-12,2.0
TE-101730,Engineer 05,Customer 021,C021-P2,2025-08-22,3.0
TE-101731,Engineer 05,Customer 023,C023-P1,2025-09-05,8.0
TE-101732,Engineer 05,Customer 023,C023-P2,2025-10-19,8.0
TE-101733,Engineer 05,Customer 032,C032-P1,2025-11-17,1.0
TE-101734,Engineer 05,Customer 021,C021-P1,2025-12-24,8.0
TE-101735,Engineer 05,Customer 032,C032-P2,2025-11-24,2.0
TE-101736,Engineer 05,Customer 021,C021-P2,2025-05-20,2.0
TE-101737,Engineer 05,Customer 021,C021-P1,2025-02-01,0.5
TE-101738,Engineer 05,Customer 032,C032-P2,2025-08-13,1.5
TE-101739,Engineer 05,Customer 021,C021-P2,2025-12-04,4.0
TE-101740,Engineer 05,Customer 023,C023-P2,2025-10-08,8.0
TE-101741,Engineer 05,Customer 004,C004-P2,2025-07-27,1.0
TE-101742,Engineer 05,Customer 032,C032-P1,2025-03-09,6.0
TE-101743,Engineer 05,Customer 032,C032-P1,2025-11-27,2.0
TE-101744,Engineer 05,Customer 032,C032-P1,2025-12-16,0.5
TE-101745,Engineer 05,Customer 032,C032-P1,2025-10-17,0.5
TE-101746,Engineer 05,Customer 023,C023-P2,2025-04-11,3.0
TE-101747,Engineer 05,Customer 021,C021-P2,2025-02-09,3.0
TE-101748,Engineer 05,Customer 032,C032-P2,2025-11-22,8.0
TE-101749,Engineer 05,Customer 023,C023-P1,2025-12-05,1.0
TE-101750,Engineer 05,Customer 021,C021-P1,2025-09-27,6.0
TE-101751,Engineer 06,Customer 022,C022-P1,2025-10-18,1.5
TE-101752,Engineer 06,Customer 022,C022-P1,2025-02-21,1.0
TE-101753,Engineer 06,Customer 038,C038-P1,2025-06-13,4.0
TE-101754,Engineer 06,Customer 022,C022-P1,2025-11-28,8.0
TE-101755,Engineer 06,Customer 033,C033-P1,2025-09-26,8.0
TE-101756,Engineer 06,Customer 038,C038-P3,2025-02-18,1.5
TE-101757,Engineer 06,Customer 006,C006-P1,2025-05-28,2.0
TE-101758,Engineer 06,Customer 006,C006-P2,2025-03-07,6.0
TE-101759,Engineer 06,Customer 033,C033-P1,2025-02-12,4.0
TE-101760,Engineer 06,Customer 033,C033-P1,2025-10-11,8.0
TE-101761,Engineer 06,Customer 038,C038-P3,2025-04-01,0.5
TE-101762,Engineer 06,Customer 033,C033-P1,2025-03-11,8.0
TE-101763,Engineer 06,Customer 033,C033-P1,2025-01-27,1.0
TE-101764,Engineer 06,Customer 006,C006-P1,2025-07-09,4.0
TE-101765,Engineer 06,Customer 038,C038-P2,2025-08-13,4.0
TE-101766,Engineer 06,Customer 038,C038-P1,2025-01-12,1.0
TE-101767,Engineer 06,Customer 033,C033-P1,2025-09-24,6.0
TE-101768,Engineer 06,Customer 038,C038-P2,2025-12-15,4.0
TE-101769,Engineer 06,Customer 038,C038-P1,2025-09-10,2.0
TE-101770,Engineer 06,Customer 016,C016-P3,2025-09-22,2.0
TE-101771,Engineer 06,Customer 022,C022-P1,2025-10-21,8.0
TE-101772,Engineer 06,Customer 006,C006-P2,2025-07-25,2.0
TE-101773,Engineer 06,Customer 033,C033-P1,2025-12-07,6.0
TE-101774,Engineer 06,Customer 006,C006-P1,2025-05-16,1.5
TE-101775,Engineer 06,Customer 006,C006-P1,2025-04-21,8.0
TE-101776,Engineer 06,Customer 006,C006-P2,2025-11-27,4.0
TE-101777,Engineer 06,Customer 022,C022-P1,2025-09-15,0.5
TE-101778,Engineer 06,Customer 038,C038-P3,2025-02-06,4.0
TE-101779,Engineer 06,Customer 038,C038-P2,2025-02-18,1.5
TE-101780,Engineer 06,Customer 034,C034-P1,2025-03-27,8.0
TE-101781,Engineer 06,Customer 033,C033-P1,2025-07-23,6.0
TE-101782,Engineer 06,Customer 006,C006-P1,2025-10-05,2.0
TE-101783,Engineer 06,Customer 033,C033-P1,2025-09-17,6.0
TE-101784,Engineer 06,Customer 022,C022-P1,2025-09-13,6.0
TE-101785,Engineer 06,Customer 006,C006-P1,2025-10-28,1.5
TE-101786,Engineer 06,Customer 022,C022-P1,2025-12-11,3.0
TE-101787,Engineer 06,Customer 038,C038-P1,2025-05-15,3.0
TE-101788,Engineer 06,Customer 038,C038-P3,2025-03-12,8.0
TE-101789,Engineer 06,Customer 033,C033-P1,2025-02-21,2.0
TE-101790,Engineer 06,Customer 038,C038-P3,2025-03-01,2.0
TE-101791,Engineer 06,Customer 022,C022-P1,2025-07-23,8.0
TE-101792,Engineer 06,Customer 038,C038-P2,2025-02-25,0.5
TE-101793,Engineer 06,Customer 022,C022-P1,2025-10-06,4.0
TE-101794,Engineer 06,Customer 033,C033-P1,2025-10-05,8.0
TE-101795,Engineer 06,Customer 022,C022-P1,2025-04-24,3.0
TE-101796,Engineer 06,Customer 022,C022-P1,2025-01-26,1.5
TE-101797,Engineer 06,Customer 006,C006-P2,2025-02-16,3.0
TE-101798,Engineer 06,Customer 033,C033-P1,2025-02-16,1.0
TE-101799,Engineer 06,Customer 022,C022-P1,2025-08-12,2.0
TE-101800,Engineer 06,Customer 033,C033-P1,2025-12-17,1.0
TE-101801,Engineer 06,Customer 022,C022-P1,2025-11-05,3.0
TE-101802,Engineer 06,Customer 038,C038-P1,2025-10-02,3.0
TE-101803,Engineer 06,Customer 006,C006-P1,2025-05-16,1.5
TE-101804,Engineer 06,Customer 006,C006-P2,2025-02-28,1.5
TE-101805,Engineer 06,Customer 006,C006-P1,2025-09-03,8.0
TE-101806,Engineer 06,Customer 038,C038-P1,2025-07-02,3.0
TE-101807,Engineer 06,Customer 033,C033-P1,2025-11-23,4.0
TE-101808,Engineer 06,Customer 022,C022-P1,2025-09-01,1.5
TE-101809,Engineer 06,Customer 006,C006-P1,2025-01-25,4.0
TE-101810,Engineer 06,Customer 038,C038-P1,2025-10-26,1.0
TE-101811,Engineer 06,Customer 006,C006-P2,2025-04-29,0.5
TE-101812,Engineer 06,Customer 038,C038-P2,2025-06-07,4.0
TE-101813,Engineer 06,Customer 033,C033-P1,2025-10-08,6.0
TE-101814,Engineer 06,Customer 038,C038-P2,2025-06-08,3.0
TE-101815,Engineer 06,Customer 006,C006-P1,2025-05-04,3.0
TE-101816,Engineer 06,Customer 033,C033-P1,2025-06-07,2.0
TE-101817,Engineer 06,Customer 033,C033-P1,2025-09-12,6.0
TE-101818,Engineer 06,Customer 038,C038-P2,2025-03-25,4.0
TE-101819,Engineer 06,Customer 022,C022-P1,2025-05-16,0.5
TE-101820,Engineer 06,Customer 038,C038-P2,2025-02-28,1.5
TE-101821,Engineer 06,Customer 006,C006-P1,2025-02-10,2.0
TE-101822,Engineer 06,Customer 033,C033-P1,2025-11-29,1.0
TE-101823,Engineer 06,Customer 006,C006-P2,2025-07-01,2.0
TE-101824,Engineer 06,Customer 033,C033-P1,2025-11-08,1.0
TE-101825,Engineer 06,Customer 033,C033-P1,2025-11-16,4.0
TE-101826,Engineer 06,Customer 033,C033-P1,2025-01-31,6.0
TE-101827,Engineer 06,Customer 009,C009-P1,2025-08-26,0.5
TE-101828,Engineer 06,Customer 006,C006-P1,2025-03-08,1.0
TE-101829,Engineer 06,Customer 006,C006-P1,2025-03-16,1.5
TE-101830,Engineer 06,Customer 006,C006-P2,2025-11-24,1.5
TE-101831,Engineer 06,Customer 038,C038-P1,2025-08-19,1.0
TE-101832,Engineer 06,Customer 038,C038-P1,2025-11-25,0.5
TE-101833,Engineer 06,Customer 006,C006-P2,2025-03-18,4.0
TE-101834,Engineer 06,Customer 022,C022-P1,2025-10-19,6.0
TE-101835,Engineer 06,Customer 006,C006-P2,2025-08-11,1.5
TE-101836,Engineer 06,Customer 006,C006-P1,2025-12-21,1.5
TE-101837,Engineer 06,Customer 038,C038-P3,2025-08-11,3.0
TE-101838,Engineer 06,Customer 038,C038-P3,2025-10-16,0.5
TE-101839,Engineer 06,Customer 033,C033-P1,2025-10-27,6.0
TE-101840,Engineer 06,Customer 022,C022-P1,2025-06-22,2.0
TE-101841,Engineer 06,Customer 022,C022-P1,2025-01-06,8.0
TE-101842,Engineer 06,Customer 006,C006-P1,2025-02-20,3.0
TE-101843,Engineer 06,Customer 006,C006-P1,2025-10-04,8.0
TE-101844,Engineer 06,Customer 033,C033-P1,2025-05-05,8.0
TE-101845,Engineer 06,Customer 033,C033-P1,2025-08-12,6.0
TE-101846,Engineer 06,Customer 038,C038-P3,2025-05-04,1.0
TE-101847,Engineer 06,Customer 006,C006-P2,2025-10-19,0.5
TE-101848,Engineer 06,Customer 033,C033-P1,2025-08-09,1.0
TE-101849,Engineer 06,Customer 022,C022-P1,2025-07-13,8.0
TE-101850,Engineer 06,Customer 022,C022-P1,2025-11-14,1.0
TE-101851,Engineer 06,Customer 038,C038-P2,2025-03-10,8.0
TE-101852,Engineer 06,Customer 022,C022-P1,2025-09-17,1.0
TE-101853,Engineer 06,Customer 038,C038-P3,2025-12-02,2.0
TE-101854,Engineer 06,Customer 038,C038-P2,2025-10-08,1.0
TE-101855,Engineer 06,Customer 006,C006-P2,2025-08-09,6.0
TE-101856,Engineer 06,Customer 022,C022-P1,2025-11-01,4.0
TE-101857,Engineer 06,Customer 006,C006-P2,2025-03-11,3.0
TE-101858,Engineer 06,Customer 022,C022-P1,2025-06-03,0.5
TE-101859,Engineer 06,Customer 022,C022-P1,2025-07-22,1.5
TE-101860,Engineer 06,Customer 038,C038-P1,2025-02-23,2.0
TE-101861,Engineer 06,Customer 033,C033-P1,2025-11-24,3.0
TE-101862,Engineer 06,Customer 038,C038-P1,2025-02-18,1.5
TE-101863,Engineer 06,Customer 033,C033-P1,2025-05-10,4.0
TE-101864,Engineer 06,Customer 033,C033-P1,2025-01-27,3.0
TE-101865,Engineer 06,Customer 033,C033-P1,2025-10-27,1.5
TE-101866,Engineer 06,Customer 022,C022-P1,2025-07-25,3.0
TE-101867,Engineer 06,Customer 022,C022-P1,2025-02-07,2.0
TE-101868,Engineer 06,Customer 033,C033-P1,2025-03-15,1.5
TE-101869,Engineer 06,Customer 006,C006-P1,2025-10-18,1.0
TE-101870,Engineer 06,Customer 006,C006-P2,2025-10-27,4.0
TE-101871,Engineer 06,Customer 033,C033-P1,2025-10-09,8.0
TE-101872,Engineer 06,Customer 006,C006-P1,2025-10-06,2.0
TE-101873,Engineer 06,Customer 033,C033-P1,2025-05-22,8.0
TE-101874,Engineer 06,Customer 038,C038-P1,2025-08-06,8.0
TE-101875,Engineer 06,Customer 033,C033-P1,2025-10-27,1.0
TE-101876,Engineer 06,Customer 033,C033-P1,2025-09-12,4.0
TE-101877,Engineer 06,Customer 038,C038-P1,2025-04-08,1.0
TE-101878,Engineer 06,Customer 038,C038-P2,2025-06-27,4.0
TE-101879,Engineer 06,Customer 033,C033-P1,2025-03-29,1.5
TE-101880,Engineer 06,Customer 038,C038-P3,2025-05-19,1.5
TE-101881,Engineer 06,Customer 006,C006-P2,2025-03-24,2.0
TE-101882,Engineer 06,Customer 021,C021-P2,2025-06-17,0.5
TE-101883,Engineer 06,Customer 022,C022-P1,2025-01-30,1.0
TE-101884,Engineer 06,Customer 038,C038-P3,2025-08-05,1.5
TE-101885,Engineer 06,Customer 006,C006-P2,2025-03-11,2.0
TE-101886,Engineer 06,Customer 022,C022-P1,2025-06-28,3.0
TE-101887,Engineer 06,Customer 033,C033-P1,2025-05-21,8.0
TE-101888,Engineer 06,Customer 033,C033-P1,2025-07-10,1.5
TE-101889,Engineer 06,Customer 022,C022-P1,2025-06-03,6.0
TE-101890,Engineer 06,Customer 006,C006-P1,2025-06-12,8.0
TE-101891,Engineer 06,Customer 006,C006-P2,2025-03-06,2.0
TE-101892,Engineer 06,Customer 006,C006-P1,2025-09-15,0.5
TE-101893,Engineer 06,Customer 006,C006-P1,2025-12-15,8.0
TE-101894,Engineer 06,Customer 022,C022-P1,2025-10-25,6.0
TE-101895,Engineer 06,Customer 022,C022-P1,2025-12-07,0.5
TE-101896,Engineer 06,Customer 038,C038-P1,2025-08-10,8.0
TE-101897,Engineer 06,Customer 006,C006-P1,2025-09-19,1.5
TE-101898,Engineer 06,Customer 022,C022-P1,2025-06-07,0.5
TE-101899,Engineer 06,Customer 006,C006-P1,2025-07-14,6.0
TE-101900,Engineer 06,Customer 006,C006-P1,2025-05-05,2.0
TE-101901,Engineer 06,Customer 038,C038-P2,2025-04-23,6.0
TE-101902,Engineer 06,Customer 006,C006-P1,2025-03-26,4.0
TE-101903,Engineer 06,Customer 033,C033-P1,2025-10-31,2.0
TE-101904,Engineer 06,Customer 038,C038-P2,2025-01-20,8.0
TE-101905,Engineer 06,Customer 022,C022-P1,2025-06-02,2.0
TE-101906,Engineer 06,Customer 033,C033-P1,2025-04-20,6.0
TE-101907,Engineer 06,Customer 033,C033-P1,2025-07-07,6.0
TE-101908,Engineer 06,Customer 004,C004-P2,2025-01-23,4.0
TE-101909,Engineer 06,Customer 033,C033-P1,2025-03-18,8.0
TE-101910,Engineer 06,Customer 006,C006-P2,2025-10-09,2.0
TE-101911,Engineer 06,Customer 006,C006-P1,2025-05-19,1.0
TE-101912,Engineer 06,Customer 006,C006-P2,2025-04-01,8.0
TE-101913,Engineer 06,Customer 038,C038-P2,2025-01-10,6.0
TE-101914,Engineer 06,Customer 022,C022-P1,2025-02-28,6.0
TE-101915,Engineer 06,Customer 033,C033-P1,2025-12-05,3.0
TE-101916,Engineer 06,Customer 022,C022-P1,2025-03-19,1.5
TE-101917,Engineer 06,Customer 033,C033-P1,2025-01-08,4.0
TE-101918,Engineer 06,Customer 033,C033-P1,2025-05-05,8.0
TE-101919,Engineer 06,Customer 022,C022-P1,2025-06-04,4.0
TE-101920,Engineer 06,Customer 006,C006-P1,2025-04-08,6.0
TE-101921,Engineer 06,Customer 033,C033-P1,2025-06-16,8.0
TE-101922,Engineer 06,Customer 033,C033-P1,2025-05-11,6.0
TE-101923,Engineer 06,Customer 006,C006-P1,2025-06-29,4.0
TE-101924,Engineer 06,Customer 006,C006-P2,2025-06-24,2.0
TE-101925,Engineer 06,Customer 022,C022-P1,2025-03-04,3.0
TE-101926,Engineer 06,Customer 006,C006-P1,2025-04-10,1.0
TE-101927,Engineer 06,Customer 038,C038-P2,2025-03-09,3.0
TE-101928,Engineer 06,Customer 006,C006-P2,2025-07-21,0.5
TE-101929,Engineer 06,Customer 015,C015-P1,2025-09-03,6.0
TE-101930,Engineer 06,Customer 006,C006-P2,2025-06-08,4.0
TE-101931,Engineer 06,Customer 022,C022-P1,2025-11-10,1.0
TE-101932,Engineer 06,Customer 006,C006-P2,2025-03-20,6.0
TE-101933,Engineer 06,Customer 033,C033-P1,2025-05-28,3.0
TE-101934,Engineer 06,Customer 006,C006-P2,2025-03-19,6.0
TE-101935,Engineer 06,Customer 022,C022-P1,2025-08-29,1.0
TE-101936,Engineer 06,Customer 038,C038-P2,2025-02-04,8.0
TE-101937,Engineer 06,Customer 022,C022-P1,2025-03-24,6.0
TE-101938,Engineer 06,Customer 022,C022-P1,2025-09-08,1.5
TE-101939,Engineer 06,Customer 006,C006-P2,2025-03-22,6.0
TE-101940,Engineer 06,Customer 006,C006-P1,2025-07-27,3.0
TE-101941,Engineer 06,Customer 022,C022-P1,2025-07-22,0.5
TE-101942,Engineer 06,Customer 022,C022-P1,2025-09-15,3.0
TE-101943,Engineer 06,Customer 022,C022-P1,2025-05-30,8.0
TE-101944,Engineer 06,Customer 033,C033-P1,2025-10-04,0.5
TE-101945,Engineer 06,Customer 033,C033-P1,2025-01-28,2.0
TE-101946,Engineer 06,Customer 038,C038-P2,2025-05-27,3.0
TE-101947,Engineer 06,Customer 033,C033-P1,2025-01-05,1.5
TE-101948,Engineer 06,Customer 033,C033-P1,2025-02-17,0.5
TE-101949,Engineer 06,Customer 033,C033-P1,2025-02-22,0.5
TE-101950,Engineer 06,Customer 022,C022-P1,2025-09-03,4.0
TE-101951,Engineer 06,Customer 033,C033-P1,2025-08-27,0.5
TE-101952,Engineer 06,Customer 022,C022-P1,2025-03-15,6.0
TE-101953,Engineer 06,Customer 033,C033-P1,2025-06-21,4.0
TE-101954,Engineer 06,Customer 022,C022-P1,2025-11-02,3.0
TE-101955,Engineer 06,Customer 038,C038-P2,2025-06-21,2.0
TE-101956,Engineer 06,Customer 038,C038-P3,2025-08-31,1.0
TE-101957,Engineer 06,Customer 006,C006-P1,2025-02-03,4.0
TE-101958,Engineer 06,Customer 038,C038-P3,2025-08-02,6.0
TE-101959,Engineer 06,Customer 006,C006-P2,2025-09-04,1.0
TE-101960,Engineer 06,Customer 033,C033-P1,2025-05-11,0.5
TE-101961,Engineer 06,Customer 006,C006-P1,2025-10-12,2.0
TE-101962,Engineer 06,Customer 033,C033-P1,2025-09-02,4.0
TE-101963,Engineer 06,Customer 006,C006-P1,2025-11-02,1.0
TE-101964,Engineer 06,Customer 006,C006-P2,2025-08-28,6.0
TE-101965,Engineer 06,Customer 033,C033-P1,2025-11-10,3.0
TE-101966,Engineer 06,Customer 006,C006-P2,2025-08-05,8.0
TE-101967,Engineer 06,Customer 022,C022-P1,2025-02-27,3.0
TE-101968,Engineer 06,Customer 006,C006-P2,2025-10-29,0.5
TE-101969,Engineer 06,Customer 022,C022-P1,2025-12-07,3.0
TE-101970,Engineer 06,Customer 033,C033-P1,2025-05-16,1.5
TE-101971,Engineer 06,Customer 038,C038-P1,2025-01-22,1.0
TE-101972,Engineer 06,Customer 022,C022-P1,2025-03-18,0.5
TE-101973,Engineer 06,Customer 033,C033-P1,2025-01-31,4.0
TE-101974,Engineer 06,Customer 022,C022-P1,2025-03-22,4.0
TE-101975,Engineer 06,Customer 025,C025-P2,2025-05-20,1.0
TE-101976,Engineer 06,Customer 006,C006-P1,2025-03-10,8.0
TE-101977,Engineer 06,Customer 038,C038-P3,2025-03-29,1.5
TE-101978,Engineer 06,Customer 038,C038-P3,2025-02-27,2.0
TE-101979,Engineer 06,Customer 006,C006-P2,2025-11-09,1.5
TE-101980,Engineer 06,Customer 022,C022-P1,2025-01-22,3.0
TE-101981,Engineer 06,Customer 038,C038-P1,2025-01-09,0.5
TE-101982,Engineer 06,Customer 033,C033-P1,2025-06-06,1.0
TE-101983,Engineer 06,Customer 006,C006-P1,2025-07-26,0.5
TE-101984,Engineer 06,Customer 006,C006-P1,2025-03-23,3.0
TE-101985,Engineer 06,Customer 022,C022-P1,2025-04-03,3.0
TE-101986,Engineer 06,Customer 006,C006-P1,2025-04-13,0.5
TE-101987,Engineer 06,Customer 022,C022-P1,2025-06-22,1.0
TE-101988,Engineer 06,Customer 006,C006-P2,2025-06-09,2.0
TE-101989,Engineer 06,Customer 006,C006-P1,2025-06-25,2.0
TE-101990,Engineer 06,Customer 022,C022-P1,2025-12-12,3.0
TE-101991,Engineer 06,Customer 006,C006-P1,2025-09-28,8.0
TE-101992,Engineer 06,Customer 006,C006-P1,2025-08-27,2.0
TE-101993,Engineer 06,Customer 005,C005-P1,2025-11-09,0.5
TE-101994,Engineer 06,Customer 038,C038-P2,2025-06-15,1.5
TE-101995,Engineer 06,Customer 007,C007-P1,2025-03-24,8.0
TE-101996,Engineer 06,Customer 006,C006-P1,2025-12-06,6.0
TE-101997,Engineer 06,Customer 022,C022-P1,2025-11-10,3.0
TE-101998,Engineer 06,Customer 006,C006-P1,2025-07-11,8.0
TE-101999,Engineer 06,Customer 006,C006-P2,2025-10-13,4.0
TE-102000,Engineer 06,Customer 022,C022-P1,2025-08-30,0.5
TE-102001,Engineer 06,Customer 022,C022-P1,2025-06-02,4.0
TE-102002,Engineer 06,Customer 022,C022-P1,2025-04-05,6.0
TE-102003,Engineer 06,Customer 006,C006-P1,2025-06-24,8.0
TE-102004,Engineer 06,Customer 006,C006-P1,2025-11-07,4.0
TE-102005,Engineer 06,Customer 022,C022-P1,2025-06-02,6.0
TE-102006,Engineer 06,Customer 022,C022-P1,2025-07-05,1.0
TE-102007,Engineer 06,Customer 033,C033-P1,2025-01-20,1.5
TE-102008,Engineer 06,Customer 022,C022-P1,2025-11-18,2.0
TE-102009,Engineer 06,Customer 022,C022-P1,2025-01-22,2.0
TE-102010,Engineer 06,Customer 033,C033-P1,2025-10-31,8.0
TE-102011,Engineer 06,Customer 033,C033-P1,2025-05-24,0.5
TE-102012,Engineer 06,Customer 022,C022-P1,2025-10-04,1.5
TE-102013,Engineer 06,Customer 022,C022-P1,2025-09-16,6.0
TE-102014,Engineer 06,Customer 006,C006-P2,2025-04-05,1.5
TE-102015,Engineer 06,Customer 038,C038-P1,2025-07-21,2.0
TE-102016,Engineer 06,Customer 022,C022-P1,2025-07-28,6.0
TE-102017,Engineer 06,Customer 006,C006-P2,2025-03-18,0.5
TE-102018,Engineer 06,Customer 022,C022-P1,2025-07-25,0.5
TE-102019,Engineer 06,Customer 033,C033-P1,2025-07-24,0.5
TE-102020,Engineer 06,Customer 038,C038-P1,2025-02-09,4.0
TE-102021,Engineer 06,Customer 038,C038-P1,2025-12-17,3.0
TE-102022,Engineer 06,Customer 022,C022-P1,2025-04-26,1.5
TE-102023,Engineer 06,Customer 038,C038-P2,2025-09-26,3.0
TE-102024,Engineer 06,Customer 033,C033-P1,2025-09-17,6.0
TE-102025,Engineer 06,Customer 038,C038-P1,2025-04-14,8.0
TE-102026,Engineer 06,Customer 038,C038-P2,2025-07-28,2.0
TE-102027,Engineer 06,Customer 022,C022-P1,2025-12-20,8.0
TE-102028,Engineer 06,Customer 038,C038-P3,2025-08-26,3.0
TE-102029,Engineer 06,Customer 033,C033-P1,2025-04-20,6.0
TE-102030,Engineer 06,Customer 038,C038-P3,2025-06-25,3.0
TE-102031,Engineer 06,Customer 002,C002-P1,2025-01-10,1.5
TE-102032,Engineer 06,Customer 022,C022-P1,2025-12-01,3.0
TE-102033,Engineer 06,Customer 022,C022-P1,2025-07-11,8.0
TE-102034,Engineer 06,Customer 022,C022-P1,2025-08-24,2.0
TE-102035,Engineer 06,Customer 006,C006-P2,2025-07-28,6.0
TE-102036,Engineer 06,Customer 022,C022-P1,2025-09-06,8.0
TE-102037,Engineer 06,Customer 038,C038-P1,2025-02-10,8.0
TE-102038,Engineer 06,Customer 006,C006-P1,2025-09-25,3.0
TE-102039,Engineer 06,Customer 033,C033-P1,2025-02-18,0.5
TE-102040,Engineer 06,Customer 038,C038-P3,2025-02-01,0.5
TE-102041,Engineer 06,Customer 038,C038-P2,2025-07-03,1.5
TE-102042,Engineer 06,Customer 006,C006-P1,2025-06-09,4.0
TE-102043,Engineer 06,Customer 022,C022-P1,2025-03-16,4.0
TE-102044,Engineer 06,Customer 038,C038-P3,2025-06-29,3.0
TE-102045,Engineer 06,Customer 035,C035-P2,2025-08-04,1.5
TE-102046,Engineer 06,Customer 033,C033-P1,2025-11-05,1.5
TE-102047,Engineer 06,Customer 038,C038-P3,2025-06-08,0.5
TE-102048,Engineer 06,Customer 022,C022-P1,2025-01-31,6.0
TE-102049,Engineer 06,Customer 038,C038-P1,2025-06-19,3.0
TE-102050,Engineer 06,Customer 006,C006-P1,2025-09-29,6.0
TE-102051,Engineer 06,Customer 022,C022-P1,2025-05-02,4.0
TE-102052,Engineer 06,Customer 006,C006-P1,2025-03-24,8.0
TE-102053,Engineer 06,Customer 038,C038-P3,2025-03-15,4.0
TE-102054,Engineer 06,Customer 038,C038-P2,2025-11-08,1.0
TE-102055,Engineer 06,Customer 022,C022-P1,2025-07-05,0.5
TE-102056,Engineer 06,Customer 006,C006-P2,2025-09-16,1.0
TE-102057,Engineer 06,Customer 006,C006-P2,2025-09-22,6.0
TE-102058,Engineer 06,Customer 022,C022-P1,2025-06-27,8.0
TE-102059,Engineer 06,Customer 006,C006-P2,2025-02-10,0.5
TE-102060,Engineer 06,Customer 006,C006-P2,2025-04-01,1.5
TE-102061,Engineer 06,Customer 006,C006-P2,2025-09-08,2.0
TE-102062,Engineer 06,Customer 033,C033-P1,2025-08-20,6.0
TE-102063,Engineer 06,Customer 022,C022-P1,2025-12-06,4.0
TE-102064,Engineer 06,Customer 006,C006-P1,2025-07-20,3.0
TE-102065,Engineer 06,Customer 033,C033-P1,2025-01-05,0.5
TE-102066,Engineer 06,Customer 006,C006-P2,2025-05-26,4.0
TE-102067,Engineer 06,Customer 033,C033-P1,2025-07-14,1.5
TE-102068,Engineer 06,Customer 006,C006-P1,2025-07-18,8.0
TE-102069,Engineer 06,Customer 033,C033-P1,2025-03-15,0.5
TE-102070,Engineer 06,Customer 033,C033-P1,2025-02-12,6.0
TE-102071,Engineer 06,Customer 006,C006-P1,2025-02-17,1.0
TE-102072,Engineer 06,Customer 038,C038-P1,2025-04-03,0.5
TE-102073,Engineer 06,Customer 022,C022-P1,2025-11-24,2.0
TE-102074,Engineer 06,Customer 006,C006-P2,2025-12-21,8.0
TE-102075,Engineer 06,Customer 022,C022-P1,2025-06-11,1.5
TE-102076,Engineer 06,Customer 006,C006-P1,2025-08-26,1.0
TE-102077,Engineer 06,Customer 033,C033-P1,2025-02-15,6.0
TE-102078,Engineer 06,Customer 022,C022-P1,2025-05-17,0.5
TE-102079,Engineer 06,Customer 006,C006-P1,2025-09-14,8.0
TE-102080,Engineer 06,Customer 038,C038-P1,2025-04-26,6.0
TE-102081,Engineer 06,Customer 038,C038-P3,2025-05-17,4.0
TE-102082,Engineer 06,Customer 022,C022-P1,2025-02-02,8.0
TE-102083,Engineer 06,Customer 022,C022-P1,2025-01-17,6.0
TE-102084,Engineer 06,Customer 006,C006-P2,2025-06-21,4.0
TE-102085,Engineer 06,Customer 033,C033-P1,2025-10-13,8.0
TE-102086,Engineer 06,Customer 033,C033-P1,2025-06-22,3.0
TE-102087,Engineer 06,Customer 006,C006-P1,2025-05-21,2.0
TE-102088,Engineer 06,Customer 038,C038-P2,2025-10-29,2.0
TE-102089,Engineer 06,Customer 022,C022-P1,2025-08-31,1.0
TE-102090,Engineer 06,Customer 038,C038-P3,2025-05-27,6.0
TE-102091,Engineer 06,Customer 033,C033-P1,2025-05-01,1.0
TE-102092,Engineer 06,Customer 006,C006-P2,2025-04-27,6.0
TE-102093,Engineer 06,Customer 006,C006-P1,2025-07-04,8.0
TE-102094,Engineer 06,Customer 033,C033-P1,2025-07-26,3.0
TE-102095,Engineer 06,Customer 038,C038-P3,2025-03-30,3.0
TE-102096,Engineer 06,Customer 006,C006-P1,2025-01-22,2.0
TE-102097,Engineer 06,Customer 033,C033-P1,2025-08-05,6.0
TE-102098,Engineer 06,Customer 038,C038-P2,2025-07-12,0.5
TE-102099,Engineer 06,Customer 006,C006-P1,2025-06-28,6.0
TE-102100,Engineer 06,Customer 022,C022-P1,2025-02-03,0.5
TE-102101,Engineer 07,Customer 008,C008-P1,2025-12-09,0.5
TE-102102,Engineer 07,Customer 018,C018-P2,2025-08-05,1.5
TE-102103,Engineer 07,Customer 028,C028-P2,2025-05-07,0.5
TE-102104,Engineer 07,Customer 008,C008-P1,2025-09-15,1.0
TE-102105,Engineer 07,Customer 028,C028-P3,2025-08-06,6.0
TE-102106,Engineer 07,Customer 010,C010-P1,2025-01-13,8.0
TE-102107,Engineer 07,Customer 010,C010-P1,2025-11-06,0.5
TE-102108,Engineer 07,Customer 028,C028-P1,2025-12-15,3.0
TE-102109,Engineer 07,Customer 010,C010-P1,2025-12-07,6.0
TE-102110,Engineer 07,Customer 028,C028-P2,2025-05-07,6.0
TE-102111,Engineer 07,Customer 008,C008-P1,2025-09-13,3.0
TE-102112,Engineer 07,Customer 028,C028-P1,2025-05-23,3.0
TE-102113,Engineer 07,Customer 028,C028-P2,2025-08-08,1.0
TE-102114,Engineer 07,Customer 010,C010-P1,2025-11-02,0.5
TE-102115,Engineer 07,Customer 010,C010-P1,2025-02-22,1.0
TE-102116,Engineer 07,Customer 010,C010-P3,2025-06-11,6.0
TE-102117,Engineer 07,Customer 018,C018-P2,2025-01-05,3.0
TE-102118,Engineer 07,Customer 018,C018-P1,2025-02-05,3.0
TE-102119,Engineer 07,Customer 018,C018-P2,2025-01-19,4.0
TE-102120,Engineer 07,Customer 018,C018-P1,2025-07-15,4.0
TE-102121,Engineer 07,Customer 010,C010-P2,2025-02-14,2.0
TE-102122,Engineer 07,Customer 018,C018-P1,2025-06-06,3.0
TE-102123,Engineer 07,Customer 018,C018-P2,2025-07-30,8.0
TE-102124,Engineer 07,Customer 008,C008-P1,2025-10-07,8.0
TE-102125,Engineer 07,Customer 008,C008-P1,2025-10-02,8.0
TE-102126,Engineer 07,Customer 018,C018-P2,2025-03-01,1.5
TE-102127,Engineer 07,Customer 028,C028-P3,2025-01-24,4.0
TE-102128,Engineer 07,Customer 010,C010-P3,2025-01-05,1.5
TE-102129,Engineer 07,Customer 010,C010-P2,2025-01-13,3.0
TE-102130,Engineer 07,Customer 028,C028-P1,2025-12-25,8.0
TE-102131,Engineer 07,Customer 010,C010-P2,2025-07-08,2.0
TE-102132,Engineer 07,Customer 010,C010-P1,2025-04-09,4.0
TE-102133,Engineer 07,Customer 028,C028-P3,2025-06-01,6.0
TE-102134,Engineer 07,Customer 008,C008-P1,2025-11-14,3.0
TE-102135,Engineer 07,Customer 018,C018-P2,2025-07-05,1.0
TE-102136,Engineer 07,Customer 028,C028-P1,2025-02-19,1.0
TE-102137,Engineer 07,Customer 010,C010-P3,2025-12-26,8.0
TE-102138,Engineer 07,Customer 008,C008-P1,2025-04-16,1.5
TE-102139,Engineer 07,Customer 028,C028-P3,2025-05-20,2.0
TE-102140,Engineer 07,Customer 010,C010-P1,2025-12-07,2.0
TE-102141,Engineer 07,Customer 018,C018-P2,2025-10-28,8.0
TE-102142,Engineer 07,Customer 010,C010-P2,2025-08-22,1.0
TE-102143,Engineer 07,Customer 008,C008-P1,2025-11-20,4.0
TE-102144,Engineer 07,Customer 028,C028-P3,2025-06-26,3.0
TE-102145,Engineer 07,Customer 010,C010-P3,2025-06-02,1.5
TE-102146,Engineer 07,Customer 018,C018-P1,2025-04-27,6.0
TE-102147,Engineer 07,Customer 028,C028-P3,2025-02-05,4.0
TE-102148,Engineer 07,Customer 010,C010-P1,2025-04-03,6.0
TE-102149,Engineer 07,Customer 008,C008-P1,2025-07-29,1.5
TE-102150,Engineer 07,Customer 008,C008-P1,2025-08-16,3.0
TE-102151,Engineer 07,Customer 028,C028-P1,2025-05-15,2.0
TE-102152,Engineer 07,Customer 010,C010-P2,2025-10-09,4.0
TE-102153,Engineer 07,Customer 028,C028-P2,2025-01-18,0.5
TE-102154,Engineer 07,Customer 028,C028-P2,2025-03-13,4.0
TE-102155,Engineer 07,Customer 018,C018-P1,2025-09-20,3.0
TE-102156,Engineer 07,Customer 028,C028-P3,2025-07-01,0.5
TE-102157,Engineer 07,Customer 028,C028-P2,2025-11-27,6.0
TE-102158,Engineer 07,Customer 008,C008-P1,2025-12-25,2.0
TE-102159,Engineer 07,Customer 028,C028-P1,2025-09-25,0.5
TE-102160,Engineer 07,Customer 018,C018-P2,2025-08-27,1.0
TE-102161,Engineer 07,Customer 028,C028-P1,2025-04-02,3.0
TE-102162,Engineer 07,Customer 008,C008-P1,2025-01-01,1.0
TE-102163,Engineer 07,Customer 008,C008-P1,2025-05-02,4.0
TE-102164,Engineer 07,Customer 008,C008-P1,2025-03-18,1.0
TE-102165,Engineer 07,Customer 008,C008-P1,2025-03-17,1.0
TE-102166,Engineer 07,Customer 018,C018-P2,2025-01-30,1.0
TE-102167,Engineer 07,Customer 008,C008-P1,2025-01-01,2.0
TE-102168,Engineer 07,Customer 007,C007-P2,2025-05-08,6.0
TE-102169,Engineer 07,Customer 028,C028-P1,2025-02-17,4.0
TE-102170,Engineer 07,Customer 010,C010-P2,2025-07-12,6.0
TE-102171,Engineer 07,Customer 018,C018-P2,2025-08-28,1.5
TE-102172,Engineer 07,Customer 008,C008-P1,2025-08-25,6.0
TE-102173,Engineer 07,Customer 028,C028-P1,2025-11-25,0.5
TE-102174,Engineer 07,Customer 008,C008-P1,2025-10-27,8.0
TE-102175,Engineer 07,Customer 008,C008-P1,2025-11-16,1.0
TE-102176,Engineer 07,Customer 014,C014-P1,2025-07-25,2.0
TE-102177,Engineer 07,Customer 028,C028-P3,2025-02-22,3.0
TE-102178,Engineer 07,Customer 018,C018-P1,2025-05-13,1.0
TE-102179,Engineer 07,Customer 018,C018-P2,2025-06-10,4.0
TE-102180,Engineer 07,Customer 028,C028-P2,2025-10-23,1.0
TE-102181,Engineer 07,Customer 008,C008-P1,2025-05-10,0.5
TE-102182,Engineer 07,Customer 008,C008-P1,2025-05-03,8.0
TE-102183,Engineer 07,Customer 028,C028-P3,2025-07-21,0.5
TE-102184,Engineer 07,Customer 028,C028-P3,2025-01-29,2.0
TE-102185,Engineer 07,Customer 028,C028-P2,2025-06-17,1.5
TE-102186,Engineer 07,Customer 028,C028-P3,2025-07-22,4.0
TE-102187,Engineer 07,Customer 008,C008-P1,2025-09-27,1.0
TE-102188,Engineer 07,Customer 010,C010-P3,2025-04-11,8.0
TE-102189,Engineer 07,Customer 010,C010-P3,2025-08-28,8.0
TE-102190,Engineer 07,Customer 010,C010-P3,2025-04-21,8.0
TE-102191,Engineer 07,Customer 028,C028-P2,2025-02-05,3.0
TE-102192,Engineer 07,Customer 018,C018-P2,2025-02-20,3.0
TE-102193,Engineer 07,Customer 008,C008-P1,2025-06-11,6.0
TE-102194,Engineer 07,Customer 008,C008-P1,2025-04-09,4.0
TE-102195,Engineer 07,Customer 010,C010-P1,2025-09-05,0.5
TE-102196,Engineer 07,Customer 028,C028-P3,2025-10-30,1.0
TE-102197,Engineer 07,Customer 010,C010-P1,2025-04-19,6.0
TE-102198,Engineer 07,Customer 010,C010-P1,2025-05-11,0.5
TE-102199,Engineer 07,Customer 008,C008-P1,2025-02-01,2.0
TE-102200,Engineer 07,Customer 028,C028-P3,2025-08-24,3.0
TE-102201,Engineer 07,Customer 018,C018-P2,2025-07-02,6.0
TE-102202,Engineer 07,Customer 008,C008-P1,2025-01-29,2.0
TE-102203,Engineer 07,Customer 010,C010-P1,2025-04-04,1.0
TE-102204,Engineer 07,Customer 008,C008-P1,2025-05-10,1.5
TE-102205,Engineer 07,Customer 008,C008-P1,2025-03-11,3.0
TE-102206,Engineer 07,Customer 008,C008-P1,2025-07-23,1.0
TE-102207,Engineer 07,Customer 018,C018-P2,2025-09-01,6.0
TE-102208,Engineer 07,Customer 010,C010-P1,2025-02-16,1.5
TE-102209,Engineer 07,Customer 018,C018-P1,2025-09-01,4.0
TE-102210,Engineer 07,Customer 018,C018-P2,2025-03-25,1.0
TE-102211,Engineer 07,Customer 008,C008-P1,2025-10-15,6.0
TE-102212,Engineer 07,Customer 028,C028-P3,2025-05-16,0.5
TE-102213,Engineer 07,Customer 027,C027-P1,2025-05-15,1.5
TE-102214,Engineer 07,Customer 008,C008-P1,2025-07-21,6.0
TE-102215,Engineer 07,Customer 008,C008-P1,2025-09-29,1.5
TE-102216,Engineer 07,Customer 008,C008-P1,2025-03-24,1.5
TE-102217,Engineer 07,Customer 008,C008-P1,2025-05-15,8.0
TE-102218,Engineer 07,Customer 028,C028-P2,2025-09-10,1.5
TE-102219,Engineer 07,Customer 018,C018-P2,2025-10-25,1.0
TE-102220,Engineer 07,Customer 008,C008-P1,2025-07-19,6.0
TE-102221,Engineer 07,Customer 016,C016-P3,2025-09-28,0.5
TE-102222,Engineer 07,Customer 023,C023-P1,2025-07-07,0.5
TE-102223,Engineer 07,Customer 028,C028-P3,2025-11-15,4.0
TE-102224,Engineer 07,Customer 010,C010-P2,2025-10-11,0.5
TE-102225,Engineer 07,Customer 008,C008-P1,2025-10-03,4.0
TE-102226,Engineer 07,Customer 018,C018-P1,2025-06-18,4.0
TE-102227,Engineer 07,Customer 008,C008-P1,2025-03-27,1.0
TE-102228,Engineer 07,Customer 010,C010-P1,2025-04-04,1.5
TE-102229,Engineer 07,Customer 008,C008-P1,2025-03-13,8.0
TE-102230,Engineer 07,Customer 008,C008-P1,2025-11-23,0.5
TE-102231,Engineer 07,Customer 028,C028-P1,2025-09-21,1.0
TE-102232,Engineer 07,Customer 028,C028-P3,2025-01-06,6.0
TE-102233,Engineer 07,Customer 021,C021-P2,2025-01-11,3.0
TE-102234,Engineer 07,Customer 018,C018-P2,2025-11-09,4.0
TE-102235,Engineer 07,Customer 019,C019-P1,2025-05-01,1.5
TE-102236,Engineer 07,Customer 037,C037-P2,2025-12-10,3.0
TE-102237,Engineer 07,Customer 028,C028-P1,2025-12-25,2.0
TE-102238,Engineer 07,Customer 018,C018-P1,2025-01-29,1.0
TE-102239,Engineer 07,Customer 008,C008-P1,2025-05-02,4.0
TE-102240,Engineer 07,Customer 010,C010-P3,2025-06-12,3.0
TE-102241,Engineer 07,Customer 008,C008-P1,2025-01-14,1.0
TE-102242,Engineer 07,Customer 018,C018-P1,2025-12-18,8.0
TE-102243,Engineer 07,Customer 010,C010-P2,2025-11-19,4.0
TE-102244,Engineer 07,Customer 008,C008-P1,2025-10-05,4.0
TE-102245,Engineer 07,Customer 018,C018-P1,2025-09-29,2.0
TE-102246,Engineer 07,Customer 018,C018-P1,2025-02-11,0.5
TE-102247,Engineer 07,Customer 008,C008-P1,2025-07-30,0.5
TE-102248,Engineer 07,Customer 022,C022-P1,2025-12-21,3.0
TE-102249,Engineer 07,Customer 008,C008-P1,2025-09-28,0.5
TE-102250,Engineer 07,Customer 018,C018-P1,2025-06-15,1.0
TE-102251,Engineer 07,Customer 008,C008-P1,2025-08-10,0.5
TE-102252,Engineer 07,Customer 008,C008-P1,2025-01-30,3.0
TE-102253,Engineer 07,Customer 018,C018-P1,2025-12-19,8.0
TE-102254,Engineer 07,Customer 018,C018-P1,2025-08-26,0.5
TE-102255,Engineer 07,Customer 028,C028-P2,2025-03-30,8.0
TE-102256,Engineer 07,Customer 018,C018-P2,2025-08-14,0.5
TE-102257,Engineer 07,Customer 028,C028-P1,2025-12-25,0.5
TE-102258,Engineer 07,Customer 008,C008-P1,2025-02-22,8.0
TE-102259,Engineer 07,Customer 018,C018-P1,2025-04-12,6.0
TE-102260,Engineer 07,Customer 008,C008-P1,2025-07-31,0.5
TE-102261,Engineer 07,Customer 010,C010-P1,2025-01-02,6.0
TE-102262,Engineer 07,Customer 008,C008-P1,2025-07-27,0.5
TE-102263,Engineer 07,Customer 008,C008-P1,2025-04-07,8.0
TE-102264,Engineer 07,Customer 018,C018-P2,2025-09-22,0.5
TE-102265,Engineer 07,Customer 010,C010-P3,2025-05-04,0.5
TE-102266,Engineer 07,Customer 028,C028-P3,2025-10-18,1.0
TE-102267,Engineer 07,Customer 018,C018-P1,2025-03-21,6.0
TE-102268,Engineer 07,Customer 028,C028-P2,2025-12-22,8.0
TE-102269,Engineer 07,Customer 018,C018-P1,2025-08-05,8.0
TE-102270,Engineer 07,Customer 028,C028-P3,2025-11-13,1.0
TE-102271,Engineer 07,Customer 003,C003-P1,2025-09-18,3.0
TE-102272,Engineer 07,Customer 008,C008-P1,2025-03-04,2.0
TE-102273,Engineer 07,Customer 028,C028-P1,2025-10-28,1.0
TE-102274,Engineer 07,Customer 028,C028-P1,2025-10-11,1.5
TE-102275,Engineer 07,Customer 028,C028-P2,2025-08-27,0.5
TE-102276,Engineer 07,Customer 028,C028-P1,2025-09-07,1.5
TE-102277,Engineer 07,Customer 010,C010-P2,2025-10-27,2.0
TE-102278,Engineer 07,Customer 008,C008-P1,2025-05-04,8.0
TE-102279,Engineer 07,Customer 028,C028-P3,2025-12-16,1.0
TE-102280,Engineer 07,Customer 010,C010-P2,2025-01-10,0.5
TE-102281,Engineer 07,Customer 008,C008-P1,2025-06-09,0.5
TE-102282,Engineer 07,Customer 010,C010-P2,2025-12-22,0.5
TE-102283,Engineer 07,Customer 028,C028-P2,2025-01-08,1.5
TE-102284,Engineer 07,Customer 008,C008-P1,2025-11-23,4.0
TE-102285,Engineer 07,Customer 028,C028-P3,2025-12-16,4.0
TE-102286,Engineer 07,Customer 018,C018-P2,2025-04-05,4.0
TE-102287,Engineer 07,Customer 010,C010-P3,2025-08-06,1.5
TE-102288,Engineer 07,Customer 028,C028-P3,2025-01-16,8.0
TE-102289,Engineer 07,Customer 028,C028-P3,2025-05-06,1.5
TE-102290,Engineer 07,Customer 008,C008-P1,2025-02-11,6.0
TE-102291,Engineer 07,Customer 036,C036-P2,2025-07-06,2.0
TE-102292,Engineer 07,Customer 028,C028-P2,2025-11-20,1.0
TE-102293,Engineer 07,Customer 008,C008-P1,2025-05-16,1.5
TE-102294,Engineer 07,Customer 028,C028-P3,2025-10-14,0.5
TE-102295,Engineer 07,Customer 018,C018-P2,2025-08-09,4.0
TE-102296,Engineer 07,Customer 028,C028-P3,2025-07-27,1.5
TE-102297,Engineer 07,Customer 028,C028-P1,2025-11-26,1.0
TE-102298,Engineer 07,Customer 008,C008-P1,2025-06-13,2.0
TE-102299,Engineer 07,Customer 018,C018-P1,2025-05-19,6.0
TE-102300,Engineer 07,Customer 008,C008-P1,2025-05-31,4.0
TE-102301,Engineer 07,Customer 024,C024-P1,2025-06-12,4.0
TE-102302,Engineer 07,Customer 028,C028-P3,2025-12-13,0.5
TE-102303,Engineer 07,Customer 018,C018-P1,2025-05-03,1.5
TE-102304,Engineer 07,Customer 010,C010-P1,2025-10-08,0.5
TE-102305,Engineer 07,Customer 009,C009-P1,2025-01-17,2.0
TE-102306,Engineer 07,Customer 018,C018-P2,2025-03-26,0.5
TE-102307,Engineer 07,Customer 010,C010-P3,2025-02-01,1.0
TE-102308,Engineer 07,Customer 010,C010-P1,2025-07-07,4.0
TE-102309,Engineer 07,Customer 010,C010-P3,2025-06-21,1.5
TE-102310,Engineer 07,Customer 008,C008-P1,2025-08-15,6.0
TE-102311,Engineer 07,Customer 010,C010-P2,2025-06-26,1.0
TE-102312,Engineer 07,Customer 018,C018-P1,2025-11-05,4.0
TE-102313,Engineer 07,Customer 008,C008-P1,2025-01-11,6.0
TE-102314,Engineer 07,Customer 035,C035-P1,2025-01-02,2.0
TE-102315,Engineer 07,Customer 008,C008-P1,2025-02-27,2.0
TE-102316,Engineer 07,Customer 028,C028-P3,2025-11-25,8.0
TE-102317,Engineer 07,Customer 018,C018-P2,2025-05-10,1.0
TE-102318,Engineer 07,Customer 010,C010-P3,2025-03-18,2.0
TE-102319,Engineer 07,Customer 008,C008-P1,2025-08-04,0.5
TE-102320,Engineer 07,Customer 008,C008-P1,2025-11-28,0.5
TE-102321,Engineer 07,Customer 010,C010-P1,2025-11-14,1.0
TE-102322,Engineer 07,Customer 010,C010-P2,2025-08-16,6.0
TE-102323,Engineer 07,Customer 008,C008-P1,2025-09-02,2.0
TE-102324,Engineer 07,Customer 028,C028-P1,2025-08-26,8.0
TE-102325,Engineer 07,Customer 010,C010-P2,2025-09-02,0.5
TE-102326,Engineer 07,Customer 008,C008-P1,2025-09-28,2.0
TE-102327,Engineer 07,Customer 008,C008-P1,2025-01-11,4.0
TE-102328,Engineer 07,Customer 010,C010-P1,2025-09-01,0.5
TE-102329,Engineer 07,Customer 018,C018-P2,2025-03-02,6.0
TE-102330,Engineer 07,Customer 008,C008-P1,2025-04-20,1.5
TE-102331,Engineer 07,Customer 010,C010-P3,2025-01-23,6.0
TE-102332,Engineer 07,Customer 008,C008-P1,2025-01-18,3.0
TE-102333,Engineer 07,Customer 010,C010-P2,2025-06-11,1.0
TE-102334,Engineer 07,Customer 028,C028-P1,2025-10-03,8.0
TE-102335,Engineer 07,Customer 018,C018-P1,2025-09-10,8.0
TE-102336,Engineer 07,Customer 028,C028-P2,2025-08-02,4.0
TE-102337,Engineer 07,Customer 008,C008-P1,2025-12-23,6.0
TE-102338,Engineer 07,Customer 010,C010-P1,2025-01-22,3.0
TE-102339,Engineer 07,Customer 010,C010-P1,2025-07-29,1.5
TE-102340,Engineer 07,Customer 018,C018-P2,2025-01-16,2.0
TE-102341,Engineer 07,Customer 008,C008-P1,2025-08-21,8.0
TE-102342,Engineer 07,Customer 028,C028-P2,2025-12-11,1.5
TE-102343,Engineer 07,Customer 018,C018-P1,2025-09-02,1.0
TE-102344,Engineer 07,Customer 018,C018-P2,2025-11-02,1.5
TE-102345,Engineer 07,Customer 004,C004-P2,2025-03-10,3.0
TE-102346,Engineer 07,Customer 018,C018-P1,2025-02-14,0.5
TE-102347,Engineer 07,Customer 008,C008-P1,2025-05-19,3.0
TE-102348,Engineer 07,Customer 010,C010-P1,2025-11-03,8.0
TE-102349,Engineer 07,Customer 018,C018-P2,2025-05-08,2.0
TE-102350,Engineer 07,Customer 010,C010-P1,2025-02-27,1.0
TE-102351,Engineer 07,Customer 008,C008-P1,2025-08-14,4.0
TE-102352,Engineer 07,Customer 028,C028-P3,2025-04-28,3.0
TE-102353,Engineer 07,Customer 008,C008-P1,2025-06-29,4.0
TE-102354,Engineer 07,Customer 008,C008-P1,2025-12-08,1.0
TE-102355,Engineer 07,Customer 008,C008-P1,2025-02-06,3.0
TE-102356,Engineer 07,Customer 008,C008-P1,2025-01-31,1.5
TE-102357,Engineer 07,Customer 010,C010-P2,2025-05-12,8.0
TE-102358,Engineer 07,Customer 028,C028-P1,2025-10-17,1.5
TE-102359,Engineer 07,Customer 028,C028-P1,2025-02-24,6.0
TE-102360,Engineer 07,Customer 034,C034-P1,2025-05-22,0.5
TE-102361,Engineer 07,Customer 010,C010-P2,2025-06-23,4.0
TE-102362,Engineer 07,Customer 010,C010-P3,2025-12-26,2.0
TE-102363,Engineer 07,Customer 018,C018-P1,2025-12-07,1.5
TE-102364,Engineer 07,Customer 010,C010-P3,2025-06-14,0.5
TE-102365,Engineer 07,Customer 028,C028-P1,2025-12-05,1.0
TE-102366,Engineer 07,Customer 009,C009-P1,2025-09-11,3.0
TE-102367,Engineer 07,Customer 028,C028-P3,2025-08-24,1.5
TE-102368,Engineer 07,Customer 018,C018-P1,2025-06-13,6.0
TE-102369,Engineer 07,Customer 008,C008-P1,2025-02-21,6.0
TE-102370,Engineer 07,Customer 010,C010-P2,2025-12-09,8.0
TE-102371,Engineer 07,Customer 018,C018-P1,2025-10-10,0.5
TE-102372,Engineer 07,Customer 028,C028-P2,2025-10-19,6.0
TE-102373,Engineer 07,Customer 010,C010-P2,2025-02-16,3.0
TE-102374,Engineer 07,Customer 008,C008-P1,2025-04-23,3.0
TE-102375,Engineer 07,Customer 006,C006-P2,2025-10-17,2.0
TE-102376,Engineer 07,Customer 018,C018-P1,2025-10-19,1.0
TE-102377,Engineer 07,Customer 018,C018-P1,2025-02-13,8.0
TE-102378,Engineer 07,Customer 018,C018-P2,2025-12-03,0.5
TE-102379,Engineer 07,Customer 028,C028-P3,2025-01-08,2.0
TE-102380,Engineer 07,Customer 010,C010-P2,2025-09-01,3.0
TE-102381,Engineer 07,Customer 012,C012-P1,2025-03-27,0.5
TE-102382,Engineer 07,Customer 008,C008-P1,2025-09-13,3.0
TE-102383,Engineer 07,Customer 010,C010-P2,2025-04-06,1.5
TE-102384,Engineer 07,Customer 008,C008-P1,2025-11-08,2.0
TE-102385,Engineer 07,Customer 018,C018-P2,2025-05-31,8.0
TE-102386,Engineer 07,Customer 018,C018-P2,2025-02-01,4.0
TE-102387,Engineer 07,Customer 008,C008-P1,2025-05-09,2.0
TE-102388,Engineer 07,Customer 018,C018-P2,2025-09-29,1.5
TE-102389,Engineer 07,Customer 028,C028-P1,2025-10-15,2.0
TE-102390,Engineer 07,Customer 018,C018-P2,2025-08-02,1.5
TE-102391,Engineer 07,Customer 010,C010-P2,2025-04-10,2.0
TE-102392,Engineer 07,Customer 010,C010-P3,2025-04-18,2.0
TE-102393,Engineer 07,Customer 028,C028-P1,2025-12-22,3.0
TE-102394,Engineer 07,Customer 008,C008-P1,2025-04-10,2.0
TE-102395,Engineer 07,Customer 008,C008-P1,2025-02-16,4.0
TE-102396,Engineer 07,Customer 018,C018-P2,2025-09-26,0.5
TE-102397,Engineer 07,Customer 028,C028-P3,2025-08-03,0.5
TE-102398,Engineer 07,Customer 013,C013-P2,2025-06-14,1.0
TE-102399,Engineer 07,Customer 010,C010-P2,2025-11-24,1.0
TE-102400,Engineer 07,Customer 028,C028-P1,2025-09-26,4.0
TE-102401,Engineer 07,Customer 010,C010-P3,2025-08-13,1.5
TE-102402,Engineer 07,Customer 028,C028-P2,2025-06-17,2.0
TE-102403,Engineer 07,Customer 028,C028-P3,2025-10-05,4.0
TE-102404,Engineer 07,Customer 018,C018-P1,2025-04-02,4.0
TE-102405,Engineer 07,Customer 028,C028-P3,2025-05-28,1.5
TE-102406,Engineer 07,Customer 010,C010-P1,2025-11-07,3.0
TE-102407,Engineer 07,Customer 008,C008-P1,2025-07-09,0.5
TE-102408,Engineer 07,Customer 028,C028-P2,2025-01-28,2.0
TE-102409,Engineer 07,Customer 028,C028-P3,2025-12-22,1.5
TE-102410,Engineer 07,Customer 028,C028-P2,2025-01-28,0.5
TE-102411,Engineer 07,Customer 010,C010-P2,2025-03-01,1.5
TE-102412,Engineer 07,Customer 018,C018-P2,2025-10-07,8.0
TE-102413,Engineer 07,Customer 028,C028-P3,2025-08-25,6.0
TE-102414,Engineer 07,Customer 018,C018-P2,2025-05-19,0.5
TE-102415,Engineer 07,Customer 028,C028-P1,2025-04-10,2.0
TE-102416,Engineer 07,Customer 028,C028-P2,2025-11-06,4.0
TE-102417,Engineer 07,Customer 028,C028-P1,2025-08-05,4.0
TE-102418,Engineer 07,Customer 028,C028-P2,2025-03-11,1.0
TE-102419,Engineer 07,Customer 018,C018-P2,2025-09-01,1.5
TE-102420,Engineer 07,Customer 010,C010-P2,2025-03-14,6.0
TE-102421,Engineer 07,Customer 010,C010-P3,2025-10-08,4.0
TE-102422,Engineer 07,Customer 008,C008-P1,2025-01-27,4.0
TE-102423,Engineer 07,Customer 028,C028-P1,2025-03-08,8.0
TE-102424,Engineer 07,Customer 028,C028-P1,2025-06-24,0.5
TE-102425,Engineer 07,Customer 010,C010-P3,2025-08-23,4.0
TE-102426,Engineer 07,Customer 010,C010-P1,2025-06-05,2.0
TE-102427,Engineer 07,Customer 018,C018-P1,2025-04-20,8.0
TE-102428,Engineer 07,Customer 008,C008-P1,2025-01-07,1.5
TE-102429,Engineer 07,Customer 018,C018-P1,2025-09-26,3.0
TE-102430,Engineer 07,Customer 010,C010-P1,2025-11-14,6.0
TE-102431,Engineer 07,Customer 028,C028-P3,2025-09-03,6.0
TE-102432,Engineer 07,Customer 008,C008-P1,2025-12-03,0.5
TE-102433,Engineer 07,Customer 010,C010-P3,2025-04-16,2.0
TE-102434,Engineer 07,Customer 018,C018-P2,2025-12-02,4.0
TE-102435,Engineer 07,Customer 028,C028-P2,2025-06-20,1.5
TE-102436,Engineer 07,Customer 008,C008-P1,2025-01-05,3.0
TE-102437,Engineer 07,Customer 018,C018-P1,2025-07-15,8.0
TE-102438,Engineer 07,Customer 018,C018-P2,2025-03-06,8.0
TE-102439,Engineer 07,Customer 008,C008-P1,2025-12-06,3.0
TE-102440,Engineer 07,Customer 010,C010-P3,2025-06-22,1.5
TE-102441,Engineer 07,Customer 028,C028-P1,2025-03-01,0.5
TE-102442,Engineer 07,Customer 028,C028-P2,2025-07-10,3.0
TE-102443,Engineer 07,Customer 028,C028-P3,2025-06-23,1.0
TE-102444,Engineer 07,Customer 028,C028-P2,2025-03-17,0.5
TE-102445,Engineer 07,Customer 028,C028-P2,2025-11-24,4.0
TE-102446,Engineer 07,Customer 008,C008-P1,2025-08-27,4.0
TE-102447,Engineer 07,Customer 008,C008-P1,2025-08-31,6.0
TE-102448,Engineer 07,Customer 018,C018-P1,2025-09-17,6.0
TE-102449,Engineer 07,Customer 018,C018-P2,2025-10-01,4.0
TE-102450,Engineer 07,Customer 008,C008-P1,2025-03-28,1.5
TE-102451,Engineer 08,Customer 033,C033-P1,2025-02-16,6.0
TE-102452,Engineer 08,Customer 003,C003-P1,2025-05-29,1.0
TE-102453,Engineer 08,Customer 003,C003-P1,2025-10-14,6.0
TE-102454,Engineer 08,Customer 003,C003-P1,2025-07-17,3.0
TE-102455,Engineer 08,Customer 009,C009-P1,2025-09-20,6.0
TE-102456,Engineer 08,Customer 033,C033-P1,2025-04-08,2.0
TE-102457,Engineer 08,Customer 033,C033-P1,2025-09-04,1.5
TE-102458,Engineer 08,Customer 033,C033-P1,2025-07-04,2.0
TE-102459,Engineer 08,Customer 003,C003-P1,2025-12-15,1.0
TE-102460,Engineer 08,Customer 009,C009-P1,2025-06-14,4.0
TE-102461,Engineer 08,Customer 009,C009-P1,2025-02-08,0.5
TE-102462,Engineer 08,Customer 003,C003-P1,2025-11-23,1.5
TE-102463,Engineer 08,Customer 003,C003-P1,2025-08-13,1.5
TE-102464,Engineer 08,Customer 003,C003-P1,2025-02-26,2.0
TE-102465,Engineer 08,Customer 009,C009-P1,2025-09-24,2.0
TE-102466,Engineer 08,Customer 033,C033-P1,2025-06-15,4.0
TE-102467,Engineer 08,Customer 019,C019-P1,2025-01-03,2.0
TE-102468,Engineer 08,Customer 003,C003-P1,2025-02-24,2.0
TE-102469,Engineer 08,Customer 033,C033-P1,2025-10-24,8.0
TE-102470,Engineer 08,Customer 009,C009-P1,2025-08-20,2.0
TE-102471,Engineer 08,Customer 003,C003-P1,2025-12-15,4.0
TE-102472,Engineer 08,Customer 003,C003-P1,2025-11-28,8.0
TE-102473,Engineer 08,Customer 009,C009-P1,2025-03-25,8.0
TE-102474,Engineer 08,Customer 033,C033-P1,2025-09-17,4.0
TE-102475,Engineer 08,Customer 003,C003-P1,2025-02-05,1.0
TE-102476,Engineer 08,Customer 009,C009-P1,2025-03-28,6.0
TE-102477,Engineer 08,Customer 033,C033-P1,2025-08-15,8.0
TE-102478,Engineer 08,Customer 003,C003-P1,2025-06-22,3.0
TE-102479,Engineer 08,Customer 003,C003-P1,2025-06-02,1.0
TE-102480,Engineer 08,Customer 033,C033-P1,2025-08-16,0.5
TE-102481,Engineer 08,Customer 003,C003-P1,2025-12-02,1.0
TE-102482,Engineer 08,Customer 033,C033-P1,2025-04-20,1.5
TE-102483,Engineer 08,Customer 033,C033-P1,2025-01-09,1.0
TE-102484,Engineer 08,Customer 003,C003-P1,2025-05-19,2.0
TE-102485,Engineer 08,Customer 033,C033-P1,2025-11-03,0.5
TE-102486,Engineer 08,Customer 033,C033-P1,2025-12-08,2.0
TE-102487,Engineer 08,Customer 009,C009-P1,2025-08-28,1.0
TE-102488,Engineer 08,Customer 033,C033-P1,2025-02-01,8.0
TE-102489,Engineer 08,Customer 039,C039-P1,2025-07-14,4.0
TE-102490,Engineer 08,Customer 009,C009-P1,2025-09-30,2.0
TE-102491,Engineer 08,Customer 003,C003-P1,2025-10-28,6.0
TE-102492,Engineer 08,Customer 033,C033-P1,2025-10-09,0.5
TE-102493,Engineer 08,Customer 033,C033-P1,2025-01-02,2.0
TE-102494,Engineer 08,Customer 033,C033-P1,2025-04-03,2.0
TE-102495,Engineer 08,Customer 003,C003-P1,2025-04-13,2.0
TE-102496,Engineer 08,Customer 003,C003-P1,2025-02-10,1.5
TE-102497,Engineer 08,Customer 033,C033-P1,2025-06-20,1.5
TE-102498,Engineer 08,Customer 003,C003-P1,2025-04-02,1.5
TE-102499,Engineer 08,Customer 033,C033-P1,2025-09-29,8.0
TE-102500,Engineer 08,Customer 003,C003-P1,2025-05-24,1.5
TE-102501,Engineer 08,Customer 003,C003-P1,2025-10-13,1.0
TE-102502,Engineer 08,Customer 003,C003-P1,2025-05-08,1.0
TE-102503,Engineer 08,Customer 033,C033-P1,2025-06-16,8.0
TE-102504,Engineer 08,Customer 033,C033-P1,2025-11-17,4.0
TE-102505,Engineer 08,Customer 009,C009-P1,2025-09-27,3.0
TE-102506,Engineer 08,Customer 033,C033-P1,2025-11-16,1.0
TE-102507,Engineer 08,Customer 033,C033-P1,2025-01-11,3.0
TE-102508,Engineer 08,Customer 009,C009-P1,2025-07-07,3.0
TE-102509,Engineer 08,Customer 015,C015-P2,2025-08-06,0.5
TE-102510,Engineer 08,Customer 009,C009-P1,2025-07-19,1.5
TE-102511,Engineer 08,Customer 009,C009-P1,2025-12-24,0.5
TE-102512,Engineer 08,Customer 033,C033-P1,2025-03-05,4.0
TE-102513,Engineer 08,Customer 033,C033-P1,2025-10-02,2.0
TE-102514,Engineer 08,Customer 009,C009-P1,2025-08-05,1.0
TE-102515,Engineer 08,Customer 003,C003-P1,2025-07-07,1.0
TE-102516,Engineer 08,Customer 009,C009-P1,2025-05-15,2.0
TE-102517,Engineer 08,Customer 009,C009-P1,2025-08-05,4.0
TE-102518,Engineer 08,Customer 009,C009-P1,2025-09-17,3.0
TE-102519,Engineer 08,Customer 003,C003-P1,2025-06-24,4.0
TE-102520,Engineer 08,Customer 033,C033-P1,2025-08-04,6.0
TE-102521,Engineer 08,Customer 019,C019-P1,2025-11-11,1.0
TE-102522,Engineer 08,Customer 033,C033-P1,2025-06-26,6.0
TE-102523,Engineer 08,Customer 009,C009-P1,2025-01-21,2.0
TE-102524,Engineer 08,Customer 033,C033-P1,2025-09-07,1.0
TE-102525,Engineer 08,Customer 009,C009-P1,2025-03-21,6.0
TE-102526,Engineer 08,Customer 009,C009-P1,2025-11-19,4.0
TE-102527,Engineer 08,Customer 033,C033-P1,2025-08-04,6.0
TE-102528,Engineer 08,Customer 009,C009-P1,2025-08-18,4.0
TE-102529,Engineer 08,Customer 033,C033-P1,2025-11-22,2.0
TE-102530,Engineer 08,Customer 033,C033-P1,2025-12-18,3.0
TE-102531,Engineer 08,Customer 033,C033-P1,2025-11-23,1.5
TE-102532,Engineer 08,Customer 033,C033-P1,2025-06-21,4.0
TE-102533,Engineer 08,Customer 033,C033-P1,2025-01-04,1.5
TE-102534,Engineer 08,Customer 009,C009-P1,2025-06-03,1.0
TE-102535,Engineer 08,Customer 033,C033-P1,2025-03-06,3.0
TE-102536,Engineer 08,Customer 009,C009-P1,2025-01-06,2.0
TE-102537,Engineer 08,Customer 003,C003-P1,2025-03-13,1.5
TE-102538,Engineer 08,Customer 009,C009-P1,2025-02-27,6.0
TE-102539,Engineer 08,Customer 003,C003-P1,2025-04-27,1.0
TE-102540,Engineer 08,Customer 003,C003-P1,2025-02-28,2.0
TE-102541,Engineer 08,Customer 009,C009-P1,2025-11-19,0.5
TE-102542,Engineer 08,Customer 009,C009-P1,2025-10-22,8.0
TE-102543,Engineer 08,Customer 003,C003-P1,2025-05-05,4.0
TE-102544,Engineer 08,Customer 033,C033-P1,2025-12-03,4.0
TE-102545,Engineer 08,Customer 033,C033-P1,2025-03-07,8.0
TE-102546,Engineer 08,Customer 003,C003-P1,2025-11-05,4.0
TE-102547,Engineer 08,Customer 033,C033-P1,2025-06-30,1.5
TE-102548,Engineer 08,Customer 003,C003-P1,2025-09-07,4.0
TE-102549,Engineer 08,Customer 033,C033-P1,2025-07-26,6.0
TE-102550,Engineer 08,Customer 009,C009-P1,2025-03-12,1.0
TE-102551,Engineer 08,Customer 003,C003-P1,2025-09-15,8.0
TE-102552,Engineer 08,Customer 009,C009-P1,2025-08-12,6.0
TE-102553,Engineer 08,Customer 003,C003-P1,2025-03-30,3.0
TE-102554,Engineer 08,Customer 033,C033-P1,2025-04-13,4.0
TE-102555,Engineer 08,Customer 009,C009-P1,2025-03-11,8.0
TE-102556,Engineer 08,Customer 003,C003-P1,2025-01-17,3.0
TE-102557,Engineer 08,Customer 009,C009-P1,2025-12-04,4.0
TE-102558,Engineer 08,Customer 003,C003-P1,2025-01-20,3.0
TE-102559,Engineer 08,Customer 033,C033-P1,2025-04-08,3.0
TE-102560,Engineer 08,Customer 033,C033-P1,2025-07-30,6.0
TE-102561,Engineer 08,Customer 003,C003-P1,2025-06-16,1.5
TE-102562,Engineer 08,Customer 033,C033-P1,2025-05-22,1.0
TE-102563,Engineer 08,Customer 009,C009-P1,2025-06-19,2.0
TE-102564,Engineer 08,Customer 009,C009-P1,2025-10-10,8.0
TE-102565,Engineer 08,Customer 003,C003-P1,2025-07-26,4.0
TE-102566,Engineer 08,Customer 003,C003-P1,2025-12-15,3.0
TE-102567,Engineer 08,Customer 009,C009-P1,2025-08-19,3.0
TE-102568,Engineer 08,Customer 003,C003-P1,2025-01-31,1.0
TE-102569,Engineer 08,Customer 003,C003-P1,2025-07-12,3.0
TE-102570,Engineer 08,Customer 003,C003-P1,2025-11-15,3.0
TE-102571,Engineer 08,Customer 009,C009-P1,2025-07-01,6.0
TE-102572,Engineer 08,Customer 009,C009-P1,2025-04-24,8.0
TE-102573,Engineer 08,Customer 009,C009-P1,2025-08-09,4.0
TE-102574,Engineer 08,Customer 033,C033-P1,2025-09-19,1.5
TE-102575,Engineer 08,Customer 033,C033-P1,2025-01-14,2.0
TE-102576,Engineer 08,Customer 009,C009-P1,2025-04-09,8.0
TE-102577,Engineer 08,Customer 003,C003-P1,2025-10-09,4.0
TE-102578,Engineer 08,Customer 033,C033-P1,2025-06-22,1.5
TE-102579,Engineer 08,Customer 016,C016-P3,2025-12-25,1.0
TE-102580,Engineer 08,Customer 003,C003-P1,2025-01-26,1.0
TE-102581,Engineer 08,Customer 022,C022-P1,2025-08-30,1.0
TE-102582,Engineer 08,Customer 003,C003-P1,2025-07-05,3.0
TE-102583,Engineer 08,Customer 003,C003-P1,2025-09-29,6.0
TE-102584,Engineer 08,Customer 009,C009-P1,2025-10-15,1.0
TE-102585,Engineer 08,Customer 003,C003-P1,2025-12-08,1.5
TE-102586,Engineer 08,Customer 033,C033-P1,2025-10-12,6.0
TE-102587,Engineer 08,Customer 003,C003-P1,2025-08-09,2.0
TE-102588,Engineer 08,Customer 003,C003-P1,2025-02-11,2.0
TE-102589,Engineer 08,Customer 009,C009-P1,2025-11-29,4.0
TE-102590,Engineer 08,Customer 009,C009-P1,2025-05-24,1.5
TE-102591,Engineer 08,Customer 033,C033-P1,2025-12-15,1.5
TE-102592,Engineer 08,Customer 003,C003-P1,2025-02-06,0.5
TE-102593,Engineer 08,Customer 003,C003-P1,2025-05-14,3.0
TE-102594,Engineer 08,Customer 033,C033-P1,2025-03-25,1.5
TE-102595,Engineer 08,Customer 009,C009-P1,2025-07-30,8.0
TE-102596,Engineer 08,Customer 033,C033-P1,2025-03-10,2.0
TE-102597,Engineer 08,Customer 009,C009-P1,2025-10-01,3.0
TE-102598,Engineer 08,Customer 003,C003-P1,2025-06-26,3.0
TE-102599,Engineer 08,Customer 033,C033-P1,2025-05-03,1.5
TE-102600,Engineer 08,Customer 038,C038-P2,2025-11-22,0.5
TE-102601,Engineer 08,Customer 003,C003-P1,2025-04-29,6.0
TE-102602,Engineer 08,Customer 011,C011-P1,2025-10-08,3.0
TE-102603,Engineer 08,Customer 009,C009-P1,2025-04-02,0.5
TE-102604,Engineer 08,Customer 033,C033-P1,2025-09-25,4.0
TE-102605,Engineer 08,Customer 033,C033-P1,2025-12-12,2.0
TE-102606,Engineer 08,Customer 003,C003-P1,2025-08-10,2.0
TE-102607,Engineer 08,Customer 033,C033-P1,2025-11-26,8.0
TE-102608,Engineer 08,Customer 033,C033-P1,2025-12-16,1.0
TE-102609,Engineer 08,Customer 003,C003-P1,2025-08-25,4.0
TE-102610,Engineer 08,Customer 009,C009-P1,2025-03-23,8.0
TE-102611,Engineer 08,Customer 003,C003-P1,2025-10-19,1.0
TE-102612,Engineer 08,Customer 003,C003-P1,2025-05-04,1.5
TE-102613,Engineer 08,Customer 033,C033-P1,2025-07-11,4.0
TE-102614,Engineer 08,Customer 009,C009-P1,2025-08-29,2.0
TE-102615,Engineer 08,Customer 033,C033-P1,2025-03-26,2.0
TE-102616,Engineer 08,Customer 003,C003-P1,2025-07-07,1.0
TE-102617,Engineer 08,Customer 003,C003-P1,2025-07-18,4.0
TE-102618,Engineer 08,Customer 009,C009-P1,2025-02-01,1.5
TE-102619,Engineer 08,Customer 009,C009-P1,2025-05-09,6.0
TE-102620,Engineer 08,Customer 003,C003-P1,2025-01-03,1.0
TE-102621,Engineer 08,Customer 003,C003-P1,2025-03-03,8.0
TE-102622,Engineer 08,Customer 009,C009-P1,2025-11-22,6.0
TE-102623,Engineer 08,Customer 003,C003-P1,2025-09-26,6.0
TE-102624,Engineer 08,Customer 003,C003-P1,2025-02-01,8.0
TE-102625,Engineer 08,Customer 003,C003-P1,2025-07-19,1.5
TE-102626,Engineer 08,Customer 009,C009-P1,2025-02-10,3.0
TE-102627,Engineer 08,Customer 033,C033-P1,2025-12-06,3.0
TE-102628,Engineer 08,Customer 009,C009-P1,2025-04-02,8.0
TE-102629,Engineer 08,Customer 033,C033-P1,2025-09-22,8.0
TE-102630,Engineer 08,Customer 009,C009-P1,2025-05-22,0.5
TE-102631,Engineer 08,Customer 033,C033-P1,2025-05-14,8.0
TE-102632,Engineer 08,Customer 040,C040-P1,2025-06-26,1.0
TE-102633,Engineer 08,Customer 003,C003-P1,2025-05-26,4.0
TE-102634,Engineer 08,Customer 003,C003-P1,2025-05-06,3.0
TE-102635,Engineer 08,Customer 009,C009-P1,2025-05-12,1.0
TE-102636,Engineer 08,Customer 003,C003-P1,2025-08-02,1.5
TE-102637,Engineer 08,Customer 033,C033-P1,2025-01-30,1.0
TE-102638,Engineer 08,Customer 003,C003-P1,2025-06-15,1.0
TE-102639,Engineer 08,Customer 009,C009-P1,2025-01-25,1.5
TE-102640,Engineer 08,Customer 033,C033-P1,2025-06-12,8.0
TE-102641,Engineer 08,Customer 033,C033-P1,2025-04-04,2.0
TE-102642,Engineer 08,Customer 033,C033-P1,2025-12-12,8.0
TE-102643,Engineer 08,Customer 033,C033-P1,2025-11-20,4.0
TE-102644,Engineer 08,Customer 009,C009-P1,2025-06-05,1.0
TE-102645,Engineer 08,Customer 003,C003-P1,2025-07-15,2.0
TE-102646,Engineer 08,Customer 033,C033-P1,2025-08-07,2.0
TE-102647,Engineer 08,Customer 033,C033-P1,2025-09-19,8.0
TE-102648,Engineer 08,Customer 003,C003-P1,2025-07-07,0.5
TE-102649,Engineer 08,Customer 009,C009-P1,2025-11-21,1.0
TE-102650,Engineer 08,Customer 009,C009-P1,2025-08-04,0.5
TE-102651,Engineer 08,Customer 033,C033-P1,2025-04-04,4.0
TE-102652,Engineer 08,Customer 009,C009-P1,2025-03-28,1.0
TE-102653,Engineer 08,Customer 009,C009-P1,2025-08-09,2.0
TE-102654,Engineer 08,Customer 009,C009-P1,2025-05-28,6.0
TE-102655,Engineer 08,Customer 003,C003-P1,2025-09-15,6.0
TE-102656,Engineer 08,Customer 023,C023-P2,2025-10-14,3.0
TE-102657,Engineer 08,Customer 033,C033-P1,2025-07-04,4.0
TE-102658,Engineer 08,Customer 038,C038-P2,2025-02-14,3.0
TE-102659,Engineer 08,Customer 003,C003-P1,2025-07-02,0.5
TE-102660,Engineer 08,Customer 009,C009-P1,2025-02-04,0.5
TE-102661,Engineer 08,Customer 009,C009-P1,2025-02-02,2.0
TE-102662,Engineer 08,Customer 003,C003-P1,2025-05-09,3.0
TE-102663,Engineer 08,Customer 033,C033-P1,2025-09-09,0.5
TE-102664,Engineer 08,Customer 033,C033-P1,2025-08-21,0.5
TE-102665,Engineer 08,Customer 009,C009-P1,2025-09-04,1.5
TE-102666,Engineer 08,Customer 009,C009-P1,2025-01-12,8.0
TE-102667,Engineer 08,Customer 033,C033-P1,2025-02-25,1.5
TE-102668,Engineer 08,Customer 033,C033-P1,2025-01-20,0.5
TE-102669,Engineer 08,Customer 033,C033-P1,2025-05-20,2.0
TE-102670,Engineer 08,Customer 009,C009-P1,2025-11-01,1.0
TE-102671,Engineer 08,Customer 009,C009-P1,2025-08-05,6.0
TE-102672,Engineer 08,Customer 033,C033-P1,2025-10-18,1.0
TE-102673,Engineer 08,Customer 009,C009-P1,2025-01-13,2.0
TE-102674,Engineer 08,Customer 003,C003-P1,2025-10-29,1.0
TE-102675,Engineer 08,Customer 003,C003-P1,2025-02-26,1.0
TE-102676,Engineer 08,Customer 009,C009-P1,2025-01-22,6.0
TE-102677,Engineer 08,Customer 009,C009-P1,2025-09-08,3.0
TE-102678,Engineer 08,Customer 033,C033-P1,2025-03-28,4.0
TE-102679,Engineer 08,Customer 009,C009-P1,2025-11-29,0.5
TE-102680,Engineer 08,Customer 003,C003-P1,2025-03-10,6.0
TE-102681,Engineer 08,Customer 033,C033-P1,2025-01-15,3.0
TE-102682,Engineer 08,Customer 033,C033-P1,2025-08-27,2.0
TE-102683,Engineer 08,Customer 009,C009-P1,2025-10-17,8.0
TE-102684,Engineer 08,Customer 009,C009-P1,2025-02-19,6.0
TE-102685,Engineer 08,Customer 033,C033-P1,2025-12-19,4.0
TE-102686,Engineer 08,Customer 003,C003-P1,2025-06-12,0.5
TE-102687,Engineer 08,Customer 033,C033-P1,2025-04-14,4.0
TE-102688,Engineer 08,Customer 003,C003-P1,2025-09-09,0.5
TE-102689,Engineer 08,Customer 009,C009-P1,2025-10-28,0.5
TE-102690,Engineer 08,Customer 033,C033-P1,2025-11-23,6.0
TE-102691,Engineer 08,Customer 033,C033-P1,2025-02-23,3.0
TE-102692,Engineer 08,Customer 009,C009-P1,2025-04-17,1.5
TE-102693,Engineer 08,Customer 003,C003-P1,2025-07-23,1.5
TE-102694,Engineer 08,Customer 033,C033-P1,2025-03-15,0.5
TE-102695,Engineer 08,Customer 003,C003-P1,2025-12-10,3.0
TE-102696,Engineer 08,Customer 033,C033-P1,2025-03-29,1.0
TE-102697,Engineer 08,Customer 003,C003-P1,2025-10-31,6.0
TE-102698,Engineer 08,Customer 003,C003-P1,2025-03-13,6.0
TE-102699,Engineer 08,Customer 009,C009-P1,2025-12-04,6.0
TE-102700,Engineer 08,Customer 003,C003-P1,2025-04-18,3.0
TE-102701,Engineer 08,Customer 033,C033-P1,2025-09-28,4.0
TE-102702,Engineer 08,Customer 009,C009-P1,2025-04-25,1.0
TE-102703,Engineer 08,Customer 009,C009-P1,2025-03-26,0.5
TE-102704,Engineer 08,Customer 003,C003-P1,2025-10-04,8.0
TE-102705,Engineer 08,Customer 009,C009-P1,2025-07-15,6.0
TE-102706,Engineer 08,Customer 003,C003-P1,2025-12-15,1.5
TE-102707,Engineer 08,Customer 003,C003-P1,2025-10-23,8.0
TE-102708,Engineer 08,Customer 033,C033-P1,2025-07-03,1.0
TE-102709,Engineer 08,Customer 003,C003-P1,2025-03-18,1.5
TE-102710,Engineer 08,Customer 009,C009-P1,2025-10-29,3.0
TE-102711,Engineer 08,Customer 009,C009-P1,2025-08-21,2.0
TE-102712,Engineer 08,Customer 003,C003-P1,2025-07-24,3.0
TE-102713,Engineer 08,Customer 003,C003-P1,2025-04-12,0.5
TE-102714,Engineer 08,Customer 033,C033-P1,2025-08-06,1.0
TE-102715,Engineer 08,Customer 033,C033-P1,2025-09-26,0.5
TE-102716,Engineer 08,Customer 009,C009-P1,2025-10-07,3.0
TE-102717,Engineer 08,Customer 033,C033-P1,2025-11-06,0.5
TE-102718,Engineer 08,Customer 033,C033-P1,2025-03-25,4.0
TE-102719,Engineer 08,Customer 003,C003-P1,2025-08-10,6.0
TE-102720,Engineer 08,Customer 033,C033-P1,2025-04-08,6.0
TE-102721,Engineer 08,Customer 009,C009-P1,2025-08-11,3.0
TE-102722,Engineer 08,Customer 003,C003-P1,2025-06-09,4.0
TE-102723,Engineer 08,Customer 003,C003-P1,2025-10-04,4.0
TE-102724,Engineer 08,Customer 009,C009-P1,2025-06-04,3.0
TE-102725,Engineer 08,Customer 033,C033-P1,2025-12-25,2.0
TE-102726,Engineer 08,Customer 009,C009-P1,2025-09-08,2.0
TE-102727,Engineer 08,Customer 009,C009-P1,2025-05-19,1.0
TE-102728,Engineer 08,Customer 009,C009-P1,2025-02-03,1.5
TE-102729,Engineer 08,Customer 003,C003-P1,2025-10-03,1.5
TE-102730,Engineer 08,Customer 033,C033-P1,2025-05-02,0.5
TE-102731,Engineer 08,Customer 003,C003-P1,2025-08-16,1.0
TE-102732,Engineer 08,Customer 009,C009-P1,2025-03-14,8.0
TE-102733,Engineer 08,Customer 033,C033-P1,2025-01-07,0.5
TE-102734,Engineer 08,Customer 003,C003-P1,2025-10-05,6.0
TE-102735,Engineer 08,Customer 009,C009-P1,2025-09-25,0.5
TE-102736,Engineer 08,Customer 003,C003-P1,2025-02-19,4.0
TE-102737,Engineer 08,Customer 033,C033-P1,2025-08-25,4.0
TE-102738,Engineer 08,Customer 003,C003-P1,2025-08-21,2.0
TE-102739,Engineer 08,Customer 009,C009-P1,2025-05-28,2.0
TE-102740,Engineer 08,Customer 003,C003-P1,2025-08-31,8.0
TE-102741,Engineer 08,Customer 003,C003-P1,2025-01-12,6.0
TE-102742,Engineer 08,Customer 009,C009-P1,2025-01-08,4.0
TE-102743,Engineer 08,Customer 009,C009-P1,2025-02-24,3.0
TE-102744,Engineer 08,Customer 009,C009-P1,2025-10-25,1.0
TE-102745,Engineer 08,Customer 009,C009-P1,2025-12-19,2.0
TE-102746,Engineer 08,Customer 009,C009-P1,2025-10-18,0.5
TE-102747,Engineer 08,Customer 003,C003-P1,2025-06-20,3.0
TE-102748,Engineer 08,Customer 033,C033-P1,2025-06-05,3.0
TE-102749,Engineer 08,Customer 003,C003-P1,2025-10-20,1.5
TE-102750,Engineer 08,Customer 003,C003-P1,2025-01-26,1.0
TE-102751,Engineer 08,Customer 003,C003-P1,2025-05-24,4.0
TE-102752,Engineer 08,Customer 009,C009-P1,2025-02-24,1.0
TE-102753,Engineer 08,Customer 006,C006-P2,2025-03-21,8.0
TE-102754,Engineer 08,Customer 009,C009-P1,2025-08-29,2.0
TE-102755,Engineer 08,Customer 033,C033-P1,2025-03-31,3.0
TE-102756,Engineer 08,Customer 003,C003-P1,2025-04-06,0.5
TE-102757,Engineer 08,Customer 003,C003-P1,2025-05-04,1.5
TE-102758,Engineer 08,Customer 026,C026-P3,2025-09-18,0.5
TE-102759,Engineer 08,Customer 033,C033-P1,2025-07-15,4.0
TE-102760,Engineer 08,Customer 003,C003-P1,2025-12-10,0.5
TE-102761,Engineer 08,Customer 033,C033-P1,2025-02-12,3.0
TE-102762,Engineer 08,Customer 009,C009-P1,2025-02-25,2.0
TE-102763,Engineer 08,Customer 009,C009-P1,2025-04-17,6.0
TE-102764,Engineer 08,Customer 003,C003-P1,2025-07-08,8.0
TE-102765,Engineer 08,Customer 033,C033-P1,2025-10-16,1.5
TE-102766,Engineer 08,Customer 033,C033-P1,2025-10-07,8.0
TE-102767,Engineer 08,Customer 009,C009-P1,2025-11-14,4.0
TE-102768,Engineer 08,Customer 033,C033-P1,2025-02-19,2.0
TE-102769,Engineer 08,Customer 033,C033-P1,2025-07-30,0.5
TE-102770,Engineer 08,Customer 033,C033-P1,2025-12-26,1.5
TE-102771,Engineer 08,Customer 033,C033-P1,2025-04-06,2.0
TE-102772,Engineer 08,Customer 003,C003-P1,2025-02-03,0.5
TE-102773,Engineer 08,Customer 033,C033-P1,2025-05-31,8.0
TE-102774,Engineer 08,Customer 003,C003-P1,2025-09-03,6.0
TE-102775,Engineer 08,Customer 013,C013-P2,2025-07-26,0.5
TE-102776,Engineer 08,Customer 003,C003-P1,2025-12-10,8.0
TE-102777,Engineer 08,Customer 033,C033-P1,2025-09-14,8.0
TE-102778,Engineer 08,Customer 033,C033-P1,2025-04-02,0.5
TE-102779,Engineer 08,Customer 033,C033-P1,2025-07-24,4.0
TE-102780,Engineer 08,Customer 033,C033-P1,2025-07-02,2.0
TE-102781,Engineer 08,Customer 003,C003-P1,2025-05-17,4.0
TE-102782,Engineer 08,Customer 003,C003-P1,2025-12-07,3.0
TE-102783,Engineer 08,Customer 003,C003-P1,2025-02-01,2.0
TE-102784,Engineer 08,Customer 003,C003-P1,2025-02-05,6.0
TE-102785,Engineer 08,Customer 003,C003-P1,2025-10-08,8.0
TE-102786,Engineer 08,Customer 009,C009-P1,2025-01-05,1.0
TE-102787,Engineer 08,Customer 033,C033-P1,2025-08-06,1.5
TE-102788,Engineer 08,Customer 035,C035-P1,2025-09-20,4.0
TE-102789,Engineer 08,Customer 009,C009-P1,2025-08-12,3.0
TE-102790,Engineer 08,Customer 033,C033-P1,2025-11-10,3.0
TE-102791,Engineer 08,Customer 033,C033-P1,2025-07-21,1.0
TE-102792,Engineer 08,Customer 033,C033-P1,2025-10-03,0.5
TE-102793,Engineer 08,Customer 033,C033-P1,2025-11-04,0.5
TE-102794,Engineer 08,Customer 033,C033-P1,2025-11-20,3.0
TE-102795,Engineer 08,Customer 009,C009-P1,2025-05-26,1.0
TE-102796,Engineer 08,Customer 009,C009-P1,2025-07-20,4.0
TE-102797,Engineer 08,Customer 033,C033-P1,2025-11-19,8.0
TE-102798,Engineer 08,Customer 009,C009-P1,2025-06-11,4.0
TE-102799,Engineer 08,Customer 017,C017-P2,2025-12-21,1.5
TE-102800,Engineer 08,Customer 003,C003-P1,2025-01-15,4.0
